Date,NVDA,INTC,AMD,QCOM,TSM
2015-01-02,0.48309916257858276,27.896453857421875,2.6700000762939453,55.25331497192383,16.79049301147461
2015-01-05,0.4749394953250885,27.581897735595703,2.6600000858306885,54.992950439453125,16.383541107177734
2015-01-06,0.4605400562286377,27.067855834960938,2.630000114440918,54.21192169189453,16.097166061401367
2015-01-07,0.4593401551246643,27.635597229003906,2.5799999237060547,54.84419250488281,16.330791473388672
2015-01-08,0.4766193628311157,28.14964485168457,2.609999895095825,55.42438888549805,16.436290740966797
2015-01-09,0.47853919863700867,28.203351974487305,2.630000114440918,55.357425689697266,15.976588249206543
2015-01-12,0.47253966331481934,28.08059310913086,2.630000114440918,54.72517395019531,15.667608261108398
2015-01-13,0.47181957960128784,28.003881454467773,2.6600000858306885,54.27886962890625,15.863548278808594
2015-01-14,0.47373947501182556,27.888784408569336,2.630000114440918,53.720985412597656,15.871084213256836
2015-01-15,0.47037965059280396,27.766023635864258,2.5199999809265137,53.09613037109375,17.25019645690918
2015-01-16,0.47901928424835205,27.96551513671875,2.390000104904175,53.029205322265625,17.031648635864258
2015-01-20,0.48045921325683594,27.689298629760742,2.240000009536743,53.914390563964844,17.40091896057129
2015-01-21,0.4871790111064911,27.98853302001953,2.450000047683716,53.252357482910156,17.491352081298828
2015-01-22,0.49557849764823914,28.318429946899414,2.4700000286102295,53.490386962890625,17.86815643310547
2015-01-23,0.497018426656723,27.96551513671875,2.450000047683716,53.69123458862305,18.079166412353516
2015-01-26,0.4948584735393524,27.47447967529297,2.609999895095825,54.01106262207031,18.207284927368164
2015-01-27,0.47109973430633545,26.2315673828125,2.700000047683716,53.38622283935547,18.229894638061523
2015-01-28,0.46341997385025024,25.917003631591797,2.630000114440918,52.8060417175293,18.033952713012695
2015-01-29,0.47469934821128845,26.24692153930664,2.609999895095825,47.37591552734375,17.5516414642334
2015-01-30,0.46077996492385864,25.34925651550293,2.569999933242798,46.46097946166992,17.114545822143555
2015-02-02,0.47085967659950256,25.817270278930664,2.6700000762939453,48.74461364746094,17.287878036499023
2015-02-03,0.4826190769672394,25.85562515258789,2.759999990463257,49.808319091796875,17.44613265991211
2015-02-04,0.4838191568851471,25.96381187438965,2.8499999046325684,49.808319091796875,17.77018928527832
2015-02-05,0.49173879623413086,26.22653579711914,3.309999942779541,50.54472732543945,17.830476760864258
2015-02-06,0.48957884311676025,25.731990814208984,3.0299999713897705,49.35457229614258,17.4084529876709
2015-02-09,0.4890989065170288,25.446077346801758,3.0399999618530273,49.91987991333008,17.084400177001953
2015-02-10,0.5027783513069153,26.04108238220215,3.0399999618530273,52.26303482055664,17.981201171875
2015-02-11,0.4994184076786041,25.92517852783203,3.069999933242798,52.225830078125,18.305252075195312
2015-02-12,0.5351769328117371,26.37335968017578,3.119999885559082,52.359718322753906,18.440902709960938
2015-02-13,0.5354169011116028,26.55108070373535,3.1500000953674316,52.72420120239258,18.719741821289062
2015-02-17,0.5370967388153076,26.8447265625,3.109999895095825,52.664710998535156,18.6669921875
2015-02-18,0.5308570265769958,26.481538772583008,3.0799999237060547,52.471309661865234,18.62177085876465
2015-02-19,0.5322968363761902,26.4351806640625,3.059999942779541,52.798606872558594,18.47858428955078
2015-02-20,0.5361369252204895,26.589723587036133,3.059999942779541,53.20027160644531,18.418296813964844
2015-02-23,0.5318171381950378,26.08745002746582,3.059999942779541,52.768836975097656,18.25250244140625
2015-02-24,0.5374786853790283,26.589723587036133,3.109999895095825,53.08870315551758,18.870464324951172
2015-02-25,0.5333829522132874,26.234268188476562,3.0999999046325684,53.319305419921875,18.870464324951172
2015-02-26,0.5348283648490906,26.00245475769043,3.0799999237060547,53.56476593017578,18.599163055419922
2015-02-27,0.5314557552337646,25.69335174560547,3.109999895095825,53.93669509887695,18.48611831665039
2015-03-02,0.5444650650024414,26.319276809692383,3.2100000381469727,54.363162994384766,18.561477661132812
2015-03-03,0.5343464612960815,26.350173950195312,3.140000104904175,53.427921295166016,18.463512420654297
2015-03-04,0.5403695702552795,26.365631103515625,3.049999952316284,53.008934020996094,18.335397720336914
2015-03-05,0.5507287383079529,26.064260482788086,2.9800000190734863,53.068790435791016,18.433364868164062
2015-03-06,0.5432602167129517,25.646982192993164,2.9200000762939453,53.502750396728516,18.15453338623047
2015-03-09,0.5447059273719788,25.283803939819336,2.930000066757202,54.40056610107422,17.672218322753906
2015-03-10,0.5541014671325684,24.49561882019043,2.9200000762939453,53.787044525146484,17.370769500732422
2015-03-11,0.5512105226516724,24.982444763183594,2.8399999141693115,52.57499694824219,17.702369689941406
2015-03-12,0.5461513996124268,23.80015754699707,2.759999990463257,51.9016227722168,17.732507705688477
2015-03-13,0.5468740463256836,23.90061378479004,2.75,51.355445861816406,17.99626922607422
2015-03-16,0.5533788800239563,23.823348999023438,2.759999990463257,52.372989654541016,18.297714233398438
2015-03-17,0.5601242780685425,23.637887954711914,2.7699999809265137,52.23831558227539,18.320323944091797
2015-03-18,0.5509697198867798,23.869705200195312,2.75,52.545074462890625,18.62177085876465
2015-03-19,0.5594015121459961,23.753793716430664,2.740000009536743,52.245792388916016,18.58409309387207
2015-03-20,0.5654242634773254,24.19425392150879,2.799999952316284,52.40290451049805,18.6669921875
2015-03-23,0.5471149682998657,24.1092529296875,2.8399999141693115,52.42535400390625,18.689594268798828
2015-03-24,0.539646565914154,23.792434692382812,2.7899999618530273,51.602359771728516,18.463512420654297
2015-03-25,0.5068823099136353,23.09697151184082,2.630000114440918,50.28554153442383,17.468748092651367
2015-03-26,0.5051958560943604,23.243791580200195,2.6500000953674316,50.248130798339844,17.483814239501953
2015-03-27,0.5150735974311829,24.727432250976562,2.7200000286102295,50.15087127685547,17.287878036499023
2015-03-30,0.5172417163848877,24.31015968322754,2.700000047683716,51.53501510620117,17.52149772644043
2015-03-31,0.5042323470115662,24.16334342956543,2.680000066757202,51.879173278808594,17.69482421875
2015-04-01,0.5061598420143127,23.807886123657227,2.690000057220459,51.946529388427734,17.506418228149414
2015-04-02,0.5073642730712891,23.807886123657227,2.690000057220459,50.854164123535156,17.853086471557617
2015-04-06,0.5220600366592407,23.98561668395996,2.700000047683716,50.69705581665039,17.74004364013672
2015-04-07,0.5266374349594116,24.155616760253906,2.700000047683716,50.36783981323242,17.627002716064453
2015-04-08,0.5304919481277466,24.19425392150879,2.7100000381469727,50.322967529296875,17.483814239501953
2015-04-09,0.542778730392456,24.140169143676758,2.7200000286102295,51.48264694213867,17.664682388305664
2015-04-10,0.5483194589614868,24.673351287841797,2.759999990463257,51.744503021240234,17.70989990234375
2015-04-13,0.5432602167129517,24.518798828125,2.7799999713897705,51.42280197143555,17.581787109375
2015-04-14,0.5386831164360046,24.333343505859375,2.6700000762939453,51.602359771728516,17.468748092651367
2015-04-15,0.5451877117156982,25.368812561035156,2.700000047683716,51.22077560424805,17.717435836791992
2015-04-16,0.5418151021003723,25.39971923828125,2.869999885559082,50.80927658081055,17.513959884643555
2015-04-17,0.5348283648490906,25.09062385559082,2.5799999237060547,50.21071243286133,17.498886108398438
2015-04-20,0.5321784019470215,25.291532516479492,2.490000009536743,51.355445861816406,17.53657341003418
2015-04-21,0.5314557552337646,25.059709548950195,2.3499999046325684,51.30308532714844,17.581787109375
2015-04-22,0.5374786853790283,25.26835823059082,2.2799999713897705,51.57989501953125,17.966135025024414
2015-04-23,0.5353102684020996,24.997894287109375,2.3299999237060547,51.1309928894043,18.312788009643555
2015-04-24,0.5307327508926392,24.789255142211914,2.299999952316284,51.0561637878418,18.772489547729492
2015-04-27,0.5348283648490906,25.11380386352539,2.3399999141693115,51.7968864440918,19.14929962158203
2015-04-28,0.5374786853790283,25.515625,2.309999942779541,52.111122131347656,18.847856521606445
2015-04-29,0.5333829522132874,25.4151668548584,2.2799999713897705,51.37788009643555,18.68206024169922
2015-04-30,0.5348283648490906,25.152437210083008,2.259999990463257,50.87660598754883,18.418296813964844
2015-05-01,0.548078715801239,25.82471466064453,2.309999942779541,51.19083786010742,18.644376754760742
2015-05-04,0.5447059273719788,25.83245086669922,2.309999942779541,51.6696891784668,18.327863693237305
2015-05-05,0.5307327508926392,25.404375076293945,2.2799999713897705,51.1534423828125,18.305252075195312
2015-05-06,0.5324194431304932,25.077468872070312,2.2899999618530273,50.73444366455078,18.425830841064453
2015-05-07,0.5418151021003723,25.093046188354492,2.319999933242798,51.198333740234375,18.365543365478516
2015-05-08,0.501823365688324,25.528900146484375,2.309999942779541,51.93156433105469,18.501190185546875
2015-05-11,0.49700507521629333,25.443286895751953,2.319999933242798,51.662208557128906,18.365543365478516
2015-05-12,0.501823365688324,25.1008243560791,2.3499999046325684,51.46768569946289,18.37307357788086
2015-05-13,0.5047141313552856,25.404375076293945,2.369999885559082,52.17097473144531,18.418296813964844
2015-05-14,0.5129052400588989,25.66122055053711,2.3299999237060547,52.76203536987305,18.395692825317383
2015-05-15,0.5131464004516602,25.676786422729492,2.319999933242798,53.16604995727539,18.508726119995117
2015-05-18,0.512423574924469,26.003681182861328,2.3499999046325684,52.68721008300781,18.395692825317383
2015-05-19,0.509228527545929,25.80130958557129,2.2799999713897705,52.088680267333984,18.531339645385742
2015-05-20,0.509228527545929,25.97254753112793,2.319999933242798,51.834285736083984,18.523799896240234
2015-05-21,0.5055983066558838,26.112648010253906,2.2799999713897705,52.44032669067383,18.267568588256836
2015-05-22,0.5048720836639404,26.034812927246094,2.2799999713897705,52.00636672973633,18.237428665161133
2015-05-26,0.5017257928848267,25.762393951416016,2.2200000286102295,51.894142150878906,18.282642364501953
2015-05-27,0.528590977191925,26.237171173095703,2.2799999713897705,53.13614273071289,18.538877487182617
2015-05-28,0.5358518362045288,26.470664978027344,2.2699999809265137,52.82188415527344,18.425830841064453
2015-05-29,0.5356096029281616,26.820913314819336,2.2799999713897705,52.1335563659668,18.297714233398438
2015-06-01,0.5416606068611145,26.392833709716797,2.25,52.29930114746094,18.192214965820312
2015-06-02,0.5310113430023193,25.894712448120117,2.299999952316284,52.24656677246094,17.838014602661133
2015-06-03,0.5252026915550232,25.47442054748535,2.2799999713897705,52.630802154541016,17.830476760864258
2015-06-04,0.5346416234970093,25.14752197265625,2.3299999237060547,51.90754699707031,17.318017959594727
2015-06-05,0.538756251335144,24.78171157836914,2.3299999237060547,51.42539978027344,17.227588653564453
2015-06-08,0.5264127850532532,24.361421585083008,2.309999942779541,50.68708801269531,17.06932830810547
2015-06-09,0.5290751457214355,24.322505950927734,2.2899999618530273,50.35559844970703,17.20497703552246
2015-06-10,0.5196358561515808,24.766145706176758,2.319999933242798,50.70969009399414,17.581787109375
2015-06-11,0.5252026915550232,24.78949737548828,2.319999933242798,50.92816162109375,17.717435836791992
2015-06-12,0.5109228491783142,24.376985549926758,2.309999942779541,50.498748779296875,17.838014602661133
2015-06-15,0.5099547505378723,24.43147087097168,2.319999933242798,50.19737243652344,17.529029846191406
2015-06-16,0.5162473917007446,24.62605094909668,2.3499999046325684,50.0693244934082,17.77018928527832
2015-06-17,0.5222982168197632,24.867334365844727,2.4700000286102295,50.13713455200195,17.785259246826172
2015-06-18,0.5310113430023193,25.202011108398438,2.5199999809265137,50.74736022949219,17.905841827392578
2015-06-19,0.5293172001838684,24.96072769165039,2.5799999237060547,50.385738372802734,17.634536743164062
2015-06-22,0.527138888835907,25.108610153198242,2.619999885559082,50.74736022949219,17.966135025024414
2015-06-23,0.5135850310325623,24.97629737854004,2.609999895095825,50.46107482910156,18.033952713012695
2015-06-24,0.508502721786499,24.836200714111328,2.619999885559082,49.23308181762695,18.011341094970703
2015-06-25,0.5123750567436218,24.898460388183594,2.5799999237060547,49.16527557373047,18.146989822387695
2015-06-26,0.5019676089286804,24.143489837646484,2.4700000286102295,48.72077941894531,17.807863235473633
2015-06-29,0.4869619309902191,23.653152465820312,2.3399999141693115,47.17634582519531,17.401979446411133
2015-06-30,0.48671993613243103,23.676498413085938,2.4000000953674316,47.18388748168945,17.6585750579834
2015-07-01,0.4937387704849243,23.489704132080078,2.4200000762939453,47.38730239868164,17.829639434814453
2015-07-02,0.49422281980514526,23.785463333129883,2.5299999713897705,47.54551315307617,18.00070571899414
2015-07-06,0.48817208409309387,23.380735397338867,2.4700000286102295,47.54551315307617,17.837413787841797
2015-07-07,0.4789750277996063,23.271772384643555,2.0899999141693115,47.31196212768555,17.852970123291016
2015-07-08,0.47558656334877014,22.9604434967041,2.009999990463257,46.641456604003906,17.285343170166016
2015-07-09,0.4697779715061188,22.516801834106445,1.9800000190734863,46.60379409790039,17.277563095092773
2015-07-10,0.4780069887638092,22.703598022460938,1.9600000381469727,47.25922393798828,17.549718856811523
2015-07-13,0.48115333914756775,23.139455795288086,1.9600000381469727,47.786582946777344,17.77521324157715
2015-07-14,0.4813953936100006,23.077194213867188,2.049999952316284,48.17081069946289,17.728557586669922
2015-07-15,0.4780069887638092,23.10833168029785,1.9600000381469727,48.125606536865234,17.541940689086914
2015-07-16,0.4886561930179596,23.271772384643555,1.8700000047683716,48.630374908447266,17.67411994934082
2015-07-17,0.48575183749198914,22.93709373474121,1.7899999618530273,48.4721565246582,17.90740203857422
2015-07-20,0.47679680585861206,22.64912223815918,1.7999999523162842,48.05780029296875,17.80631446838379
2015-07-21,0.4789750277996063,22.353351593017578,1.7999999523162842,49.074859619140625,17.790760040283203
2015-07-22,0.4697779715061188,22.267742156982422,1.7899999618530273,48.359153747558594,17.277563095092773
2015-07-23,0.47558656334877014,22.25995635986328,1.7599999904632568,46.54350662231445,17.347545623779297
2015-07-24,0.47001999616622925,21.839662551879883,1.6699999570846558,46.438053131103516,16.826580047607422
2015-07-27,0.46735766530036926,22.065378189086914,1.6200000047683716,46.69419860839844,16.81879997253418
2015-07-28,0.4775228798389435,22.540149688720703,1.7699999809265137,47.537967681884766,17.013193130493164
2015-07-29,0.483331561088562,22.57906723022461,1.9600000381469727,47.5907096862793,17.19203758239746
2015-07-30,0.48454180359840393,22.501239776611328,1.9299999475479126,48.5249137878418,17.65079689025879
2015-07-31,0.48284754157066345,22.532371520996094,1.9299999475479126,48.50983428955078,17.19203758239746
2015-08-03,0.4910762906074524,22.610200881958008,2.200000047683716,48.53996276855469,16.888782501220703
2015-08-04,0.4930127263069153,22.67247200012207,2.130000114440918,47.801658630371094,16.67884063720703
2015-08-05,0.4980953335762024,22.852968215942383,2.1600000858306885,48.125606536865234,16.803251266479492
2015-08-06,0.494949072599411,22.76663589477539,2.109999895095825,47.34210205078125,16.54665184020996
2015-08-07,0.556182324886322,22.66461944580078,2.0899999141693115,47.477699279785156,16.35226058959961
2015-08-10,0.5755447149276733,23.26105499267578,1.9299999475479126,47.57564926147461,16.803251266479492
2015-08-11,0.5726402401924133,22.735254287719727,1.899999976158142,47.123619079589844,16.196748733520508
2015-08-12,0.5740922093391418,23.11979866027832,1.899999976158142,47.14622116088867,16.134540557861328
2015-08-13,0.5692518949508667,22.656768798828125,1.7899999618530273,46.73186111450195,15.97125244140625
2015-08-14,0.5697358846664429,22.77448081970215,1.840000033378601,46.641456604003906,15.846840858459473
2015-08-17,0.5661052465438843,22.821575164794922,1.7999999523162842,46.76199722290039,15.769081115722656
2015-08-18,0.5609530210494995,22.68816566467285,1.7999999523162842,46.196956634521484,15.57469367980957
2015-08-19,0.5587655901908875,22.25653076171875,1.7999999523162842,46.09150314331055,15.48138427734375
2015-08-20,0.5385924577713013,21.605159759521484,1.7000000476837158,45.315521240234375,15.248112678527832
2015-08-21,0.5218223333358765,20.843917846679688,1.7799999713897705,43.401954650878906,14.680487632751465
2015-08-24,0.5033506751060486,20.600631713867188,1.75,41.646568298339844,14.587180137634277
2015-08-25,0.49289971590042114,20.302417755126953,1.659999966621399,40.59186553955078,14.587180137634277
2015-08-26,0.5300857424736023,21.424654006958008,1.7200000286102295,42.68623352050781,15.12370491027832
2015-08-27,0.5500158071517944,21.7542724609375,1.7799999713897705,43.21360397338867,15.504714012145996
2015-08-28,0.5524460673332214,22.30361557006836,1.850000023841858,43.281410217285156,15.55136775970459
2015-08-31,0.5463698506355286,22.397790908813477,1.809999942779541,42.985107421875,15.45805835723877
2015-09-01,0.5240097045898438,21.832746505737305,1.7100000381469727,41.7999382019043,15.092599868774414
2015-09-02,0.5398077368736267,22.444881439208984,1.7699999809265137,42.43811798095703,15.504714012145996
2015-09-03,0.5412660837173462,22.821575164794922,1.7899999618530273,42.202598571777344,15.605790138244629
2015-09-04,0.5286276340484619,22.382095336914062,1.8200000524520874,41.245338439941406,15.294769287109375
2015-09-08,0.5512309670448303,23.15118408203125,1.8799999952316284,41.93669891357422,15.590241432189941
2015-09-09,0.5402937531471252,22.947141647338867,1.850000023841858,41.26813507080078,15.45805835723877
2015-09-10,0.5488005876541138,22.970685958862305,1.840000033378601,42.03546905517578,15.318098068237305
2015-09-11,0.5505018830299377,23.127647399902344,2.009999990463257,41.52643585205078,15.473607063293457
2015-09-14,0.5514739751815796,23.06485939025879,1.8200000524520874,41.26054763793945,15.582467079162598
2015-09-15,0.5575501322746277,23.331684112548828,1.8600000143051147,41.68598556518555,15.854619026184082
2015-09-16,0.5614389181137085,23.363073348999023,1.8899999856948853,41.93669891357422,16.072338104248047
2015-09-17,0.5665429830551147,23.315994262695312,1.8899999856948853,41.76955032348633,16.064563751220703
2015-09-18,0.5660567879676819,22.77448081970215,1.8700000047683716,41.36690902709961,16.025684356689453
2015-09-21,0.5718898773193359,22.884353637695312,1.809999942779541,41.32133483886719,15.96347427368164
2015-09-22,0.556334912776947,22.499813079833984,1.7300000190734863,40.97943878173828,15.512486457824707
2015-09-23,0.5590084195137024,22.554746627807617,1.7000000476837158,40.690757751464844,15.559141159057617
2015-09-24,0.5697026252746582,22.350706100463867,1.7200000286102295,40.47042465209961,15.543590545654297
2015-09-25,0.5738345384597778,22.609682083129883,1.7100000381469727,40.43244171142578,15.590241432189941
2015-09-28,0.5662999153137207,22.57044219970703,1.659999966621399,39.91584396362305,15.263665199279785
2015-09-29,0.5762649774551392,22.947141647338867,1.6699999570846558,39.83226013183594,15.465829849243164
2015-09-30,0.5991111397743225,23.6534481048584,1.7200000286102295,40.81989669799805,16.134540557861328
2015-10-01,0.5874450206756592,23.5435791015625,1.7400000095367432,40.40205001831055,16.220075607299805
2015-10-02,0.6027569770812988,23.943815231323242,1.8300000429153442,41.837928771972656,16.142316818237305
2015-10-05,0.6178258657455444,24.4931697845459,1.7999999523162842,42.7192268371582,16.63996124267578
2015-10-06,0.6258465051651001,24.909103393554688,1.8300000429153442,42.787593841552734,16.50777244567871
2015-10-07,0.632408618927002,25.364282608032227,1.8600000143051147,43.007896423339844,17.052072525024414
2015-10-08,0.636054515838623,25.5212345123291,1.9299999475479126,43.805606842041016,17.300891876220703
2015-10-09,0.6336238384246826,25.2230224609375,1.9600000381469727,43.89678192138672,17.067625045776367
2015-10-12,0.6404292583465576,25.2779541015625,1.8700000047683716,43.90437698364258,17.176481246948242
2015-10-13,0.6416445374488831,25.144540786743164,1.9199999570846558,43.691650390625,17.05984878540039
2015-10-14,0.6649770140647888,25.74098014831543,1.9500000476837158,44.54255294799805,17.370874404907227
2015-10-15,0.6666783094406128,25.701744079589844,1.9700000286102295,45.021175384521484,17.067625045776367
2015-10-16,0.6771295070648193,25.9293270111084,1.940000057220459,45.51498794555664,17.230913162231445
2015-10-19,0.6759140491485596,26.3609619140625,2.009999990463257,44.89960861206055,17.285343170166016
2015-10-20,0.6749419569969177,26.24324607849121,2.0199999809265137,44.82364273071289,17.347545623779297
2015-10-21,0.6661922931671143,26.188302993774414,2.0999999046325684,44.80084991455078,17.277563095092773
2015-10-22,0.6902539730072021,26.996641159057617,2.140000104904175,45.910037994384766,17.503063201904297
2015-10-23,0.6948718428611755,27.389034271240234,2.2100000381469727,46.13795471191406,17.471961975097656
2015-10-26,0.6917123198509216,27.145748138427734,2.1500000953674316,44.98318099975586,17.230913162231445
2015-10-27,0.6912261247634888,27.051578521728516,2.1500000953674316,45.0363655090332,17.26201820373535
2015-10-28,0.6968162059783936,27.239925384521484,2.180000066757202,45.78848648071289,17.168704986572266
2015-10-29,0.6727544665336609,26.706270217895508,2.130000114440918,45.583377838134766,16.966535568237305
2015-10-30,0.6895248889923096,26.572851181030273,2.119999885559082,45.14272689819336,17.07539939880371
2015-11-02,0.6975452899932861,26.769052505493164,2.190000057220459,46.069583892822266,17.18425941467285
2015-11-03,0.6926843523979187,26.92599868774414,2.2799999713897705,46.24432373046875,17.705228805541992
2015-11-04,0.6812611222267151,26.989229202270508,2.200000047683716,45.7808952331543,18.311729431152344
2015-11-05,0.6734836101531982,26.870685577392578,2.200000047683716,38.79903793334961,17.868511199951172
2015-11-06,0.7668138146400452,26.744230270385742,2.1500000953674316,40.584388732910156,17.74410629272461
2015-11-09,0.7634111642837524,26.356977462768555,2.109999895095825,40.219722747802734,17.852970123291016
2015-11-10,0.7488281726837158,26.246335983276367,2.0199999809265137,39.71070861816406,17.503063201904297
2015-11-11,0.7415368556976318,25.9697265625,2.069999933242798,40.151336669921875,17.557493209838867
2015-11-12,0.7388634085655212,25.606176376342773,2.0,39.94623565673828,17.293121337890625
2015-11-13,0.7242804169654846,25.37698745727539,1.9900000095367432,39.459991455078125,17.02096176147461
2015-11-16,0.7388634085655212,25.369083404541016,1.9900000095367432,40.090579986572266,17.37864875793457
2015-11-17,0.7388634085655212,25.795854568481445,1.9800000190734863,40.2501220703125,17.510835647583008
2015-11-18,0.7570393085479736,26.206823348999023,2.119999885559082,36.46669006347656,17.510835647583008
2015-11-19,0.7592350244522095,27.10776710510254,2.140000104904175,36.76298141479492,17.627473831176758
2015-11-20,0.7658220529556274,27.39229965209961,2.2200000286102295,37.69743347167969,17.75188446044922
2015-11-23,0.7543554902076721,27.250041961669922,2.2200000286102295,37.20363998413086,17.549718856811523
2015-11-24,0.7604547739028931,27.155187606811523,2.3399999141693115,37.537906646728516,17.495283126831055
2015-11-25,0.759478747844696,27.226327896118164,2.380000114440918,37.30238723754883,17.541940689086914
2015-11-27,0.7658220529556274,27.23422622680664,2.3299999237060547,37.24101257324219,17.45640754699707
2015-11-30,0.7738731503486633,27.479228973388672,2.359999895095825,37.43281173706055,17.697450637817383
2015-12-01,0.7990019917488098,27.73212242126465,2.3399999141693115,37.824100494384766,18.101789474487305
2015-12-02,0.7929027080535889,27.526655197143555,2.2699999809265137,39.780513763427734,18.031810760498047
2015-12-03,0.7911949753761292,26.902299880981445,2.2300000190734863,39.43528366088867,17.829639434814453
2015-12-04,0.8233990669250488,27.613571166992188,2.2799999713897705,40.156463623046875,18.12511444091797
2015-12-07,0.8077850341796875,27.653091430664062,2.359999895095825,40.22550964355469,18.070690155029297
2015-12-08,0.8187635540962219,27.46341896057129,2.390000104904175,37.96220016479492,17.946273803710938
2015-12-09,0.7980261445045471,27.510835647583008,2.3499999046325684,37.27937316894531,17.67411994934082
2015-12-10,0.8046131730079651,27.479228973388672,2.450000047683716,37.2640266418457,17.611919403076172
2015-12-11,0.7926585078239441,27.084060668945312,2.359999895095825,36.41241455078125,17.24646759033203
2015-12-14,0.794610321521759,27.24213409423828,2.3399999141693115,35.92906951904297,17.277563095092773
2015-12-15,0.804369330406189,27.803245544433594,2.359999895095825,36.8420524597168,17.74410629272461
2015-12-16,0.8092487454414368,27.898090362548828,2.5399999618530273,36.88041687011719,18.00847816467285
2015-12-17,0.7970501780509949,27.58986473083496,2.559999942779541,36.47378921508789,17.852970123291016
2015-12-18,0.7841196656227112,26.767942428588867,2.450000047683716,36.38938903808594,17.829639434814453
2015-12-21,0.8026614785194397,27.060354232788086,2.5299999713897705,37.4098014831543,17.845190048217773
2015-12-22,0.8033932447433472,27.447612762451172,2.7699999809265137,37.647647857666016,17.930721282958984
2015-12-23,0.8065650463104248,27.660995483398438,2.8299999237060547,37.624629974365234,17.946273803710938
2015-12-24,0.8092487454414368,27.64519500732422,2.9200000762939453,38.01591110229492,18.00070571899414
2015-12-28,0.808516800403595,27.60567283630371,3.0,38.038917541503906,17.891845703125
2015-12-29,0.8216913342475891,28.008729934692383,3.0,39.036319732666016,17.946273803710938
2015-12-30,0.8146159648895264,27.653091430664062,2.9800000190734863,38.67570877075195,17.790760040283203
2015-12-31,0.8041252493858337,27.226327896118164,2.869999885559082,38.35348892211914,17.68968391418457
2016-01-04,0.789730966091156,26.862781524658203,2.7699999809265137,38.453216552734375,17.176481246948242
2016-01-05,0.802417516708374,26.736331939697266,2.75,37.70134353637695,17.067625045776367
2016-01-06,0.769237756729126,26.143596649169922,2.509999990463257,37.31774139404297,16.593305587768555
2016-01-07,0.738741397857666,25.163606643676758,2.2799999713897705,35.39968490600586,16.406694412231445
2016-01-08,0.722883403301239,24.902803421020508,2.140000104904175,35.20018768310547,16.181194305419922
2016-01-11,0.7241031527519226,25.33747100830078,2.3399999141693115,35.345970153808594,16.27450942993164
2016-01-12,0.736301600933075,25.827472686767578,2.390000104904175,35.69122314453125,16.134540557861328
2016-01-13,0.7138563394546509,25.218929290771484,2.25,35.36898422241211,15.924598693847656
2016-01-14,0.6994621753692627,25.8748836517334,2.2100000381469727,36.61956024169922,16.966535568237305
2016-01-15,0.6614028811454773,23.519752502441406,2.0299999713897705,35.1541748046875,16.406694412231445
2016-01-19,0.6667700409889221,23.551361083984375,1.9500000476837158,35.36131286621094,16.842126846313477
2016-01-20,0.6704298853874207,23.385393142700195,1.7999999523162842,35.238563537597656,16.398916244506836
2016-01-21,0.6782367825508118,23.440723419189453,2.0899999141693115,36.09785461425781,16.585529327392578
2016-01-22,0.6940947771072388,23.654102325439453,2.0199999809265137,36.88041687011719,17.052072525024414
2016-01-25,0.6933628916740417,23.393301010131836,2.119999885559082,36.50448226928711,16.943212509155273
2016-01-26,0.7001939415931702,23.66200828552246,2.069999933242798,37.22567367553711,16.787700653076172
2016-01-27,0.6918992400169373,23.559268951416016,2.130000114440918,36.46611404418945,16.857675552368164
2016-01-28,0.6843361854553223,23.68571662902832,2.0799999237060547,33.4432487487793,16.81879997253418
2016-01-29,0.7145883440971375,24.515552520751953,2.200000047683716,34.78590393066406,17.37864875793457
2016-02-01,0.7148323059082031,24.35748863220215,2.140000104904175,35.37666320800781,17.464183807373047
2016-02-02,0.6845799088478088,23.551361083984375,1.9900000095367432,33.10568618774414,17.541940689086914
2016-02-03,0.6879955530166626,23.391908645629883,2.069999933242798,34.317901611328125,17.82185935974121
2016-02-04,0.6882396340370178,23.73473358154297,2.0899999141693115,35.031410217285156,18.062910079956055
2016-02-05,0.6448127627372742,23.152729034423828,1.9800000190734863,33.773162841796875,17.68968391418457
2016-02-08,0.6152926683425903,22.977323532104492,1.9299999475479126,33.673423767089844,17.728557586669922
2016-02-09,0.6218796372413635,22.969348907470703,1.899999976158142,33.45860290527344,17.541940689086914
2016-02-10,0.6204160451889038,22.506933212280273,1.840000033378601,32.95991134643555,17.339771270751953
2016-02-11,0.6172443628311157,22.49896240234375,1.8600000143051147,32.9906005859375,17.10650634765625
2016-02-12,0.6277348399162292,22.833824157714844,1.8300000429153442,34.18746566772461,17.293121337890625
2016-02-16,0.6584753394126892,22.945438385009766,1.8300000429153442,35.85233688354492,18.148441314697266
2016-02-17,0.6748213171958923,23.49555778503418,1.899999976158142,37.14126968383789,18.381710052490234
2016-02-18,0.7328859567642212,23.455692291259766,1.909999966621399,37.65531539916992,18.506122589111328
2016-02-19,0.742644727230072,22.889625549316406,1.909999966621399,37.916168212890625,18.490575790405273
2016-02-22,0.7689936757087708,23.399883270263672,2.009999990463257,39.343196868896484,18.630535125732422
2016-02-23,0.7709453701972961,22.961374282836914,1.9700000286102295,38.68339920043945,18.195096969604492
2016-02-24,0.7763127684593201,23.272321701049805,2.0199999809265137,39.52733612060547,18.21064567565918
2016-02-25,0.7780205607414246,23.61514663696289,2.0299999713897705,39.61939239501953,18.420597076416016
2016-02-26,0.7728968858718872,23.758649826049805,2.069999933242798,39.604061126708984,18.48279571533203
2016-02-29,0.7678775787353516,23.59122657775879,2.140000104904175,39.3330192565918,18.311729431152344
2016-03-01,0.8019130825996399,24.213096618652344,2.180000066757202,40.355247497558594,19.112625122070312
2016-03-02,0.8065652251243591,24.3486328125,2.319999933242798,40.928314208984375,19.143733978271484
2016-03-03,0.7994643449783325,24.380531311035156,2.4600000381469727,40.56433868408203,19.09708023071289
2016-03-04,0.7970156669616699,24.420385360717773,2.369999885559082,40.78118133544922,19.167055130004883
2016-03-07,0.7918736934661865,24.66754150390625,2.4700000286102295,41.27681350708008,19.205936431884766
2016-03-08,0.7774270176887512,24.364578247070312,2.299999952316284,40.62629699707031,19.167055130004883
2016-03-09,0.7769373059272766,24.611732482910156,2.259999990463257,40.231346130371094,19.237041473388672
2016-03-10,0.7757129669189453,24.914697647094727,2.259999990463257,40.285552978515625,19.237041473388672
2016-03-11,0.7889353632926941,25.321306228637695,2.5199999809265137,40.4404411315918,19.71135902404785
2016-03-14,0.7908943891525269,25.05820655822754,2.7200000286102295,40.33977127075195,19.61026954650879
2016-03-15,0.7869763970375061,25.233606338500977,2.490000009536743,39.9835205078125,19.34589958190918
2016-03-16,0.8104830384254456,25.265485763549805,2.630000114440918,39.727970123291016,20.045717239379883
2016-03-17,0.8036268949508667,25.496706008911133,2.799999952316284,39.789920806884766,20.037939071655273
2016-03-18,0.8278680443763733,26.054792404174805,2.930000066757202,39.95254898071289,20.247880935668945
2016-03-21,0.8303165435791016,25.783714294433594,2.799999952316284,40.43268966674805,20.16234588623047
2016-03-22,0.8288475275039673,25.76777458190918,2.7899999618530273,40.285552978515625,20.06903648376465
2016-03-23,0.8430495262145996,25.512649536132812,2.680000066757202,39.487884521484375,19.967952728271484
2016-03-24,0.844273567199707,25.416975021362305,2.7899999618530273,39.38722229003906,20.0068302154541
2016-03-28,0.8528438210487366,25.432918548583984,2.7799999713897705,38.86836624145508,19.929067611694336
2016-03-29,0.8665558695793152,25.815608978271484,2.859999895095825,39.25556945800781,20.19344711303711
2016-03-30,0.8756154179573059,26.078712463378906,2.859999895095825,39.487884521484375,20.574453353881836
2016-03-31,0.8724324107170105,25.79169273376465,2.8499999046325684,39.60406494140625,20.372289657592773
2016-04-01,0.8851647973060608,25.871417999267578,2.8299999237060547,39.4027099609375,20.31007957458496
2016-04-04,0.8765950202941895,25.512649536132812,2.8299999237060547,39.22459411621094,20.100139617919922
2016-04-05,0.875370442867279,25.432918548583984,2.759999990463257,38.77543258666992,19.835765838623047
2016-04-06,0.8765950202941895,25.57642936706543,2.799999952316284,39.20136642456055,19.921300888061523
2016-04-07,0.8675352931022644,25.153873443603516,2.640000104904175,38.74444580078125,19.726909637451172
2016-04-08,0.8731667995452881,25.217660903930664,2.740000009536743,39.15489196777344,19.65692138671875
2016-04-11,0.8785539269447327,25.249549865722656,2.759999990463257,39.49563980102539,19.835765838623047
2016-04-12,0.8775743842124939,25.401031494140625,2.809999942779541,39.35624694824219,19.882423400878906
2016-04-13,0.8996116518974304,25.61629867553711,2.799999952316284,40.208106994628906,20.34895896911621
2016-04-14,0.9020602703094482,25.353193283081055,2.7200000286102295,40.13066864013672,19.672475814819336
2016-04-15,0.9091611504554749,25.082122802734375,2.700000047683716,39.542110443115234,19.79688835144043
2016-04-18,0.9052432179450989,25.233606338500977,2.759999990463257,39.921566009521484,19.827991485595703
2016-04-19,0.889082670211792,25.193740844726562,2.619999885559082,40.1384162902832,19.563617706298828
2016-04-20,0.8925106525421143,25.512649536132812,2.700000047683716,40.33977127075195,19.53251838684082
2016-04-21,0.8915314674377441,25.488731384277344,2.619999885559082,40.01449966430664,19.563617706298828
2016-04-22,0.8881033658981323,25.225631713867188,3.990000009536743,40.76569366455078,19.493635177612305
2016-04-25,0.8925106525421143,25.026317596435547,3.450000047683716,40.603065490722656,19.44698143005371
2016-04-26,0.8932452201843262,25.03428840637207,3.6600000858306885,40.97478485107422,19.44698143005371
2016-04-27,0.9135687351226807,25.31333351135254,3.7300000190734863,40.967041015625,19.63360023498535
2016-04-28,0.8863892555236816,24.803077697753906,3.609999895095825,40.37074661254883,18.786048889160156
2016-04-29,0.8699837923049927,24.14134407043457,3.549999952316284,39.12392044067383,18.342836380004883
2016-05-02,0.8814922571182251,24.40444564819336,3.740000009536743,39.58082962036133,18.420597076416016
2016-05-03,0.8709630370140076,24.20511817932129,3.5999999046325684,39.28654861450195,18.13289451599121
2016-05-04,0.8511295318603516,24.00408935546875,3.5999999046325684,39.10068893432617,18.21064567565918
2016-05-05,0.8562716245651245,24.044288635253906,3.6600000858306885,39.5963134765625,18.272859573364258
2016-05-06,0.865086555480957,24.156875610351562,3.680000066757202,39.433685302734375,18.2028751373291
2016-05-09,0.863862156867981,23.963876724243164,3.6500000953674316,39.65052795410156,18.17177391052246
2016-05-10,0.8805127739906311,24.237287521362305,3.640000104904175,40.38622283935547,18.187320709228516
2016-05-11,0.8829613924026489,24.17296028137207,3.6500000953674316,40.38622283935547,18.055131912231445
2016-05-12,0.8709630370140076,23.931711196899414,3.5899999141693115,39.89059829711914,17.876296997070312
2016-05-13,1.0034319162368774,24.052335739135742,3.6700000762939453,39.74345397949219,17.74410629272461
2016-05-16,1.0330599546432495,24.43833351135254,3.7899999618530273,40.20036315917969,17.9696044921875
2016-05-17,1.0352636575698853,24.108627319335938,3.7899999618530273,40.26232147216797,17.845190048217773
2016-05-18,1.0617084503173828,24.116666793823242,3.8399999141693115,40.88185501098633,18.28840446472168
2016-05-19,1.0663604736328125,23.827167510986328,3.7699999809265137,40.858619689941406,18.078466415405273
2016-05-20,1.0854593515396118,24.245332717895508,3.869999885559082,42.22161865234375,18.591657638549805
2016-05-23,1.0871737003326416,24.309659957885742,4.039999961853027,41.95831298828125,18.87158203125
2016-05-24,1.1135644912719727,24.977115631103516,4.199999809265137,43.050254821777344,19.0270938873291
2016-05-25,1.1088999509811401,25.24248695373535,4.179999828338623,43.35227966308594,19.143733978271484
2016-05-26,1.1206834316253662,25.322900772094727,4.349999904632568,43.166412353515625,19.275917053222656
2016-05-27,1.1268212795257568,25.38723373413086,4.599999904632568,43.21331787109375,19.28369140625
2016-05-31,1.146951675415039,25.4033203125,4.570000171661377,42.939666748046875,19.22148895263672
2016-06-01,1.1491612195968628,25.459611892700195,4.429999828338623,42.83802795410156,19.63360023498535
2016-06-02,1.1572623252868652,25.540021896362305,4.239999771118164,42.90840148925781,19.57916831970215
2016-06-03,1.141059398651123,25.427446365356445,4.159999847412109,42.95531463623047,19.851322174072266
2016-06-06,1.1351678371429443,25.475690841674805,4.46999979019165,42.91621780395508,19.80466651916504
2016-06-07,1.1373769044876099,25.636520385742188,4.510000228881836,42.87712097167969,20.263431549072266
2016-06-08,1.1336948871612549,25.644567489624023,4.460000038146973,42.95531463623047,20.473369598388672
2016-06-09,1.1631544828414917,25.684772491455078,4.519999980926514,42.98659133911133,20.39561653137207
2016-06-10,1.1341859102249146,25.76519012451172,4.320000171661377,42.087440490722656,20.10791778564453
2016-06-13,1.1486700773239136,25.869726181030273,4.400000095367432,41.30559158325195,19.929067611694336
2016-06-14,1.1508795022964478,25.845603942871094,4.389999866485596,41.203941345214844,19.882423400878906
2016-06-15,1.1626629829406738,25.41939926147461,4.420000076293945,41.657413482666016,20.09235954284668
2016-06-16,1.1673283576965332,25.483736038208008,4.75,41.766876220703125,20.10791778564453
2016-06-17,1.146951675415039,25.540021896362305,5.260000228881836,41.868534088134766,20.100139617919922
2016-06-20,1.1675728559494019,25.869726181030273,5.099999904632568,42.13435745239258,20.50447654724121
2016-06-21,1.1604536771774292,25.990354537963867,5.449999809265137,42.12654495239258,20.675540924072266
2016-06-22,1.1594717502593994,25.966224670410156,5.019999980926514,42.25163650512695,20.63666343688965
2016-06-23,1.190403938293457,26.529136657714844,5.210000038146973,43.432254791259766,20.846607208251953
2016-06-24,1.1226474046707153,25.371152877807617,4.880000114440918,40.75046157836914,19.967952728271484
2016-06-27,1.1106185913085938,24.70370101928711,4.71999979019165,39.9842529296875,20.08816146850586
2016-06-28,1.1268212795257568,25.08165740966797,5.119999885559082,41.055397033691406,20.37859344482422
2016-06-29,1.145233154296875,25.676729202270508,5.130000114440918,41.868534088134766,20.814237594604492
2016-06-30,1.1540706157684326,26.376344680786133,5.139999866485596,41.8841667175293,21.1611385345459
2016-07-01,1.14547860622406,26.33614158630371,5.070000171661377,41.438499450683594,21.403169631958008
2016-07-05,1.1624178886413574,26.27985382080078,4.960000038146973,40.60973358154297,21.185346603393555
2016-07-06,1.1697826385498047,26.5130558013916,5.039999961853027,40.9459342956543,21.096599578857422
2016-07-07,1.2002240419387817,26.698013305664062,5.019999980926514,41.3837776184082,21.22568130493164
2016-07-08,1.2483407258987427,27.341331481933594,5.099999904632568,42.36891174316406,21.56452178955078
2016-07-11,1.2770639657974243,27.64691925048828,5.010000228881836,42.31419372558594,21.943696975708008
2016-07-12,1.2962124347686768,28.09724998474121,5.139999866485596,42.70511245727539,21.75813865661621
2016-07-13,1.2957210540771484,28.15353775024414,5.090000152587891,42.86930465698242,21.693603515625
2016-07-14,1.3089776039123535,28.30632972717285,5.170000076293945,42.90840148925781,21.8710880279541
2016-07-15,1.2937573194503784,28.201786041259766,5.139999866485596,42.8067512512207,21.7904109954834
2016-07-18,1.300385594367981,28.185707092285156,5.510000228881836,43.27587890625,22.29866600036621
2016-07-19,1.3138879537582397,28.266122817993164,5.409999847412109,43.111690521240234,22.000165939331055
2016-07-20,1.3310720920562744,28.70035743713379,5.409999847412109,43.64333724975586,22.226058959960938
2016-07-21,1.306523323059082,27.558460235595703,5.21999979019165,46.856781005859375,22.16958236694336
2016-07-22,1.342119812965393,27.872079849243164,5.840000152587891,47.810646057128906,22.37934112548828
2016-07-25,1.366914987564087,27.896203994750977,6.699999809265137,47.48226547241211,22.476154327392578
2016-07-26,1.3902369737625122,28.217876434326172,6.980000019073486,47.9670295715332,22.85532569885254
2016-07-27,1.3762435913085938,28.0087890625,6.849999904632568,48.87397766113281,22.669771194458008
2016-07-28,1.3791898488998413,27.960542678833008,6.820000171661377,48.81142044067383,22.702037811279297
2016-07-29,1.4017751216888428,28.032909393310547,6.860000133514404,48.9287109375,22.411609649658203
2016-08-01,1.3926918506622314,28.024871826171875,6.639999866485596,48.35795211791992,23.08928680419922
2016-08-02,1.3757526874542236,27.791667938232422,6.260000228881836,47.38063049316406,22.71817398071289
2016-08-03,1.3794349431991577,27.75114631652832,6.300000190734863,47.70118713378906,22.71817398071289
2016-08-04,1.4049668312072754,28.01854133605957,6.46999979019165,47.67774200439453,22.91179084777832
2016-08-05,1.4287798404693604,28.34264373779297,6.610000133514404,48.47523498535156,23.22642707824707
2016-08-08,1.4420360326766968,28.391250610351562,6.679999828338623,48.146846771240234,23.468460083007812
2016-08-09,1.4457182884216309,28.29401206970215,6.599999904632568,48.4674072265625,23.718557357788086
2016-08-10,1.4363899230957031,27.978015899658203,6.489999771118164,48.24849319458008,23.573333740234375
2016-08-11,1.4656038284301758,28.099567413330078,6.579999923706055,48.27195739746094,23.508798599243164
2016-08-12,1.5475993156433105,28.010435104370117,6.730000019073486,48.24849319458008,23.58946990966797
2016-08-15,1.5461256504058838,28.285913467407227,6.949999809265137,48.81142044067383,23.710479736328125
2016-08-16,1.5367974042892456,28.52899169921875,6.78000020980835,48.52996826171875,23.460391998291016
2016-08-17,1.5012000799179077,28.375049591064453,6.679999828338623,48.694156646728516,23.379716873168945
2016-08-18,1.5245225429534912,28.33453369140625,7.039999961853027,49.28837203979492,23.52492904663086
2016-08-19,1.5284503698349,28.553302764892578,7.619999885559082,49.06944274902344,23.10541534423828
2016-08-22,1.5348330736160278,28.65052604675293,7.579999923706055,49.124176025390625,22.91179084777832
2016-08-23,1.5472532510757446,28.682937622070312,7.670000076293945,49.32745361328125,22.992473602294922
2016-08-24,1.523396372795105,28.48038673400879,7.429999828338623,48.9521598815918,22.90372657775879
2016-08-25,1.5133129358291626,28.431766510009766,7.46999979019165,48.97561264038086,23.073144912719727
2016-08-26,1.525610089302063,28.569503784179688,7.670000076293945,49.2336311340332,23.10541534423828
2016-08-29,1.52462637424469,28.804479598999023,7.590000152587891,49.65941619873047,23.153823852539062
2016-08-30,1.5157723426818848,28.92601203918457,7.489999771118164,49.62788009643555,23.08928680419922
2016-08-31,1.5086400508880615,29.079965591430664,7.400000095367432,49.73038101196289,23.186094284057617
2016-09-01,1.5531561374664307,29.185293197631836,7.349999904632568,50.045780181884766,23.363574981689453
2016-09-02,1.537907600402832,29.233915328979492,7.510000228881836,49.95116424560547,23.508798599243164
2016-09-06,1.5524183511734009,29.630935668945312,7.340000152587891,49.74616241455078,23.791160583496094
2016-09-07,1.5295454263687134,29.541807174682617,6.840000152587891,49.225746154785156,24.057390213012695
2016-09-08,1.540613055229187,29.525602340698242,6.230000019073486,49.43075942993164,24.033187866210938
2016-09-09,1.4638773202896118,28.71535301208496,5.900000095367432,47.7197265625,23.065078735351562
2016-09-12,1.4941284656524658,29.233915328979492,5.940000057220459,49.083824157714844,23.387779235839844
2016-09-13,1.4724855422973633,28.85310173034668,5.739999771118164,48.326866149902344,22.984407424926758
2016-09-14,1.4855207204818726,28.861188888549805,6.039999961853027,48.56341552734375,23.08928680419922
2016-09-15,1.5418428182601929,29.622840881347656,6.019999980926514,49.31248474121094,23.54106330871582
2016-09-16,1.5455318689346313,30.522214889526367,6.050000190734863,49.667320251464844,23.323240280151367
2016-09-19,1.5659456253051758,30.108989715576172,6.159999847412109,49.564815521240234,24.146129608154297
2016-09-20,1.5516804456710815,30.0927791595459,6.170000076293945,49.43864059448242,24.121925354003906
2016-09-21,1.595213532447815,30.343952178955078,6.289999961853027,50.124637603759766,24.605974197387695
2016-09-22,1.5991483926773071,30.42498207092285,6.369999885559082,50.08521270751953,24.735061645507812
2016-09-23,1.5974267721176147,30.133291244506836,6.550000190734863,49.478065490722656,24.29941177368164
2016-09-26,1.582424283027649,29.69576072692871,6.320000171661377,49.13113784790039,24.07352066040039
2016-09-27,1.6365320682525635,30.125194549560547,6.539999961853027,49.91961669921875,24.525304794311523
2016-09-28,1.642435073852539,30.33584976196289,6.590000152587891,50.030006408691406,24.468833923339844
2016-09-29,1.6576838493347168,30.238622665405273,6.670000076293945,53.183990478515625,24.525304794311523
2016-09-30,1.6852296590805054,30.587038040161133,6.909999847412109,54.01191711425781,24.6785888671875
2016-10-03,1.683508276939392,30.51411247253418,6.949999809265137,52.915897369384766,24.783462524414062
2016-10-04,1.679818868637085,30.41689109802246,6.96999979019165,52.57685470581055,24.517234802246094
2016-10-05,1.6780977249145508,30.7814884185791,6.78000020980835,52.70301055908203,24.630184173583984
2016-10-06,1.6562083959579468,30.846317291259766,6.960000038146973,53.25495147705078,24.823802947998047
2016-10-07,1.6441566944122314,30.87061882019043,6.75,53.767486572265625,25.154569625854492
2016-10-10,1.6503056287765503,30.805803298950195,6.840000152587891,53.02629089355469,25.235246658325195
2016-10-11,1.626448392868042,30.198116302490234,6.5,52.11164093017578,24.791532516479492
2016-10-12,1.6338269710540771,30.084678649902344,6.619999885559082,52.08797836303711,25.291719436645508
2016-10-13,1.6072646379470825,29.955041885375977,6.489999771118164,51.80412673950195,24.630184173583984
2016-10-14,1.6230051517486572,30.343952178955078,6.75,51.80412673950195,24.735061645507812
2016-10-17,1.613659143447876,30.21431541442871,6.670000076293945,51.402008056640625,24.66245460510254
2016-10-18,1.638254165649414,30.587038040161133,6.730000019073486,52.119537353515625,24.896411895751953
2016-10-19,1.6348105669021606,28.77206039428711,6.769999980926514,51.875091552734375,24.993223190307617
2016-10-20,1.6658000946044922,28.707242965698242,6.960000038146973,53.09724807739258,25.05776023864746
2016-10-21,1.6611272096633911,28.48038673400879,6.519999980926514,53.562477111816406,25.073896408081055
2016-10-24,1.739092230796814,28.569503784179688,7.010000228881836,53.664974212646484,25.340126037597656
2016-10-25,1.7676219940185547,28.43986701965332,7.5,53.38900375366211,25.453075408935547
2016-10-26,1.774754524230957,28.29401206970215,7.289999961853027,53.77535629272461,25.178775787353516
2016-10-27,1.7383546829223633,28.204893112182617,7.110000133514404,55.2656135559082,24.823802947998047
2016-10-28,1.7354029417037964,28.14818000793457,7.199999809265137,53.93305969238281,24.823802947998047
2016-10-31,1.7501599788665771,28.253507614135742,7.230000019073486,54.18539047241211,25.09003257751465
2016-11-01,1.6982649564743042,27.969919204711914,7.090000152587891,53.88574981689453,24.7753963470459
2016-11-02,1.6911327838897705,28.03474235534668,6.760000228881836,52.90013122558594,24.517234802246094
2016-11-03,1.6714566946029663,27.700021743774414,6.699999809265137,52.78974151611328,24.42849349975586
2016-11-04,1.6618647575378418,27.43877601623535,6.559999942779541,52.61627960205078,24.396223068237305
2016-11-07,1.752865195274353,28.320472717285156,6.960000038146973,53.98038864135742,25.291719436645508
2016-11-08,1.7501599788665771,28.36130714416504,7.0,53.8305549621582,25.28365135192871
2016-11-09,1.7206462621688843,28.36945915222168,6.940000057220459,53.5230598449707,24.6785888671875
2016-11-10,1.6667835712432861,28.16537094116211,6.300000190734863,52.28511047363281,23.750818252563477
2016-11-11,2.1635971069335938,28.25516700744629,6.690000057220459,52.73454666137695,24.146129608154297
2016-11-14,2.0571024417877197,28.149032592773438,6.789999961853027,51.985477447509766,23.274839401245117
2016-11-15,2.1198177337646484,28.500080108642578,6.96999979019165,52.64781188964844,23.55719757080078
2016-11-16,2.2536144256591797,28.442935943603516,7.670000076293945,52.277225494384766,24.089656829833984
2016-11-17,2.272305488586426,28.589889526367188,8.460000038146973,52.5689697265625,23.7750244140625
2016-11-18,2.2961628437042236,28.532733917236328,8.710000038146973,53.07360076904297,23.7750244140625
2016-11-21,2.2868175506591797,28.55723762512207,8.9399995803833,52.90802764892578,23.920238494873047
2016-11-22,2.303295612335205,28.965423583984375,8.6899995803833,53.862091064453125,24.12999725341797
2016-11-23,2.3146259784698486,28.736835479736328,8.800000190734863,53.72016525268555,24.113859176635742
2016-11-25,2.3193070888519287,28.932767868041992,8.770000457763672,53.8463134765625,23.928308486938477
2016-11-28,2.3180735111236572,28.989906311035156,8.829999923706055,53.32185745239258,23.928308486938477
2016-11-29,2.2968904972076416,28.826637268066406,8.930000305175781,53.059608459472656,23.839563369750977
2016-11-30,2.2710280418395996,28.32863998413086,8.90999984741211,54.140350341796875,23.9525089263916
2016-12-01,2.158707857131958,27.561233520507812,8.390000343322754,50.985557556152344,23.032808303833008
2016-12-02,2.178659439086914,27.887792587280273,8.529999732971191,52.320560455322266,23.28290557861328
2016-12-05,2.263145685195923,28.0755558013916,8.680000305175781,52.73381042480469,23.4119873046875
2016-12-06,2.300339698791504,28.344968795776367,9.449999809265137,53.59998321533203,23.807292938232422
2016-12-07,2.3417203426361084,28.981754302978516,9.5600004196167,54.307228088378906,24.146129608154297
2016-12-08,2.3025567531585693,29.1450252532959,10.34000015258789,54.4741096496582,24.234872817993164
2016-12-09,2.2616677284240723,29.19401741027832,10.34000015258789,54.450260162353516,24.29941177368164
2016-12-12,2.206739664077759,29.365447998046875,10.680000305175781,54.41054916381836,24.121925354003906
2016-12-13,2.245657205581665,30.04305076599121,10.539999961853027,55.10189437866211,24.49302864074707
2016-12-14,2.3757123947143555,29.838956832885742,10.550000190734863,53.68739700317383,24.097728729248047
2016-12-15,2.4313790798187256,30.034893035888672,10.859999656677246,54.060890197753906,24.331682205200195
2016-12-16,2.4732532501220703,29.643028259277344,10.65999984741211,52.813270568847656,23.783090591430664
2016-12-19,2.503303289413452,30.116531372070312,10.949999809265137,53.258277893066406,23.613672256469727
2016-12-20,2.590498924255371,30.37776756286621,11.510000228881836,53.170867919921875,23.64594268798828
2016-12-21,2.606755018234253,30.190006256103516,11.470000267028809,53.36952590942383,23.508798599243164
2016-12-22,2.638284206390381,30.149187088012695,11.600000381469727,53.05166244506836,23.186094284057617
2016-12-23,2.704050302505493,30.181838989257812,11.579999923706055,53.13113021850586,23.436185836791992
2016-12-27,2.8897721767425537,30.263473510742188,12.069999694824219,53.44104766845703,23.47652244567871
2016-12-28,2.690995454788208,29.904268264770508,11.550000190734863,52.24905776977539,23.492658615112305
2016-12-29,2.744692087173462,29.928760528564453,11.59000015258789,52.479515075683594,23.5007266998291
2016-12-30,2.6291706562042236,29.61037254333496,11.34000015258789,51.81199645996094,23.19415855407715
2017-01-03,2.512662887573242,29.879776000976562,11.430000305175781,51.970924377441406,23.64594268798828
2017-01-04,2.571286916732788,29.724668502807617,11.430000305175781,52.026546478271484,23.637876510620117
2017-01-05,2.5060131549835205,29.675678253173828,11.239999771118164,52.090126037597656,24.04125213623047
2017-01-06,2.5395114421844482,29.78180694580078,11.319999694824219,52.07423400878906,23.904102325439453
2017-01-09,2.6424715518951416,29.8879337310791,11.489999771118164,52.16958999633789,24.234872817993164
2017-01-10,2.6225199699401855,29.830787658691406,11.4399995803833,52.1536979675293,24.259075164794922
2017-01-11,2.590252637863159,30.165508270263672,11.199999809265137,52.52720260620117,24.33975601196289
2017-01-12,2.5478858947753906,29.96958351135254,10.760000228881836,52.543087005615234,23.629812240600586
2017-01-13,2.547640085220337,30.034893035888672,10.579999923706055,53.14702224731445,23.750818252563477
2017-01-17,2.490495204925537,30.04305076599121,9.819999694824219,51.00938415527344,23.896034240722656
2017-01-18,2.5358166694641113,30.010395050048828,9.880000114440918,51.75636672973633,23.791160583496094
2017-01-19,2.590252637863159,29.855287551879883,9.770000457763672,51.20805358886719,23.904102325439453
2017-01-20,2.56192684173584,30.157350540161133,9.75,49.968379974365234,24.259075164794922
2017-01-23,2.5885283946990967,30.018564224243164,9.90999984741211,43.611087799072266,24.468833923339844
2017-01-24,2.6437036991119385,30.71249008178711,10.4399995803833,43.7064323425293,24.864137649536133
2017-01-25,2.6550333499908447,30.859432220458984,10.350000381469727,45.2162971496582,25.259449005126953
2017-01-26,2.700848340988159,30.663501739501953,10.520000457763672,42.951507568359375,25.098100662231445
2017-01-27,2.7530667781829834,31.006391525268555,10.670000076293945,43.102481842041016,25.211042404174805
2017-01-30,2.7099618911743164,30.549211502075195,10.609999656677246,42.601863861083984,25.162633895874023
2017-01-31,2.689271926879883,30.05938148498535,10.369999885559082,42.45880889892578,24.936752319335938
2017-02-01,2.8067641258239746,29.814462661743164,12.0600004196167,42.23631286621094,25.073896408081055
2017-02-02,2.842233657836914,29.94509506225586,12.279999732971191,41.8469352722168,24.831871032714844
2017-02-03,2.8173558712005615,30.027307510375977,12.239999771118164,42.10121536254883,24.98515510559082
2017-02-06,2.889526128768921,29.821758270263672,13.630000114440918,42.021751403808594,24.904481887817383
2017-02-07,2.9343550205230713,29.887531280517578,13.289999961853027,42.3316650390625,24.622112274169922
2017-02-08,2.921546220779419,29.91219711303711,13.5600004196167,42.029693603515625,24.468833923339844
2017-02-09,2.8666179180145264,29.1557559967041,13.420000076293945,42.021751403808594,24.37202262878418
2017-02-10,2.7986361980438232,29.057090759277344,13.579999923706055,42.911766052246094,24.7753963470459
2017-02-13,2.669565439224243,29.435312271118164,13.489999771118164,43.65081024169922,25.566017150878906
2017-02-14,2.6794188022613525,29.542194366455078,13.260000228881836,44.087867736816406,25.275585174560547
2017-02-15,2.684837579727173,29.64086151123047,13.300000190734863,44.89047622680664,25.614418029785156
2017-02-16,2.6417319774627686,29.93686866760254,12.970000267028809,45.200401306152344,26.07427215576172
2017-02-17,2.6412394046783447,29.994415283203125,13.130000114440918,44.866641998291016,26.090404510498047
2017-02-21,2.7358248233795166,30.027307510375977,14.0,45.097103118896484,26.082338333129883
2017-02-22,2.731633424758911,29.657306671142578,14.279999732971191,45.37522506713867,25.87258529663086
2017-02-23,2.478347063064575,29.747751235961914,14.319999694824219,45.40702438354492,25.614418029785156
2017-02-24,2.502270221710205,30.0355224609375,14.119999885559082,45.470584869384766,25.751569747924805
2017-02-27,2.575024127960205,30.019088745117188,15.199999809265137,45.50267791748047,25.43693733215332
2017-02-28,2.50276255607605,29.764192581176758,14.460000038146973,45.302146911621094,25.388526916503906
2017-03-01,2.5350711345672607,29.542194366455078,14.960000038146973,45.72724914550781,25.477277755737305
2017-03-02,2.4416000843048096,29.525754928588867,13.899999618530273,45.21390914916992,24.904481887817383
2017-03-03,2.427541971206665,29.517532348632812,13.029999732971191,45.27006530761719,24.888341903686523
2017-03-06,2.4087984561920166,29.246196746826172,13.039999961853027,45.27809143066406,24.888341903686523
2017-03-07,2.435187339782715,29.435312271118164,13.050000190734863,45.50267791748047,25.259449005126953
2017-03-08,2.4307477474212646,29.287302017211914,13.220000267028809,46.33684158325195,25.18684196472168
2017-03-09,2.4302549362182617,29.45175552368164,13.329999923706055,46.49727249145508,24.993223190307617
2017-03-10,2.44455885887146,29.525754928588867,13.90999984741211,47.03465270996094,25.05776023864746
2017-03-13,2.511888265609741,28.909088134765625,14.279999732971191,46.890289306640625,25.412729263305664
2017-03-14,2.510162353515625,28.9255428314209,14.100000381469727,46.69779586791992,25.178775787353516
2017-03-15,2.5291519165039062,28.85976219177246,13.979999542236328,46.938419342041016,25.743507385253906
2017-03-16,2.5602269172668457,28.89264488220215,13.649999618530273,46.802059173583984,26.14687728881836
2017-03-17,2.6159651279449463,28.999534606933594,13.489999771118164,46.16039276123047,26.292095184326172
2017-03-20,2.699324607849121,29.13109016418457,14.399999618530273,46.368934631347656,26.501848220825195
2017-03-21,2.612018346786499,28.810428619384766,13.819999694824219,45.558815002441406,26.203351974487305
2017-03-22,2.6652894020080566,29.081762313842773,14.100000381469727,45.751312255859375,26.372772216796875
2017-03-23,2.641120195388794,28.999534606933594,13.789999961853027,45.56684494018555,26.267892837524414
2017-03-24,2.6504924297332764,28.909088134765625,13.699999809265137,45.65507125854492,26.46957778930664
2017-03-27,2.669729471206665,29.098207473754883,13.699999809265137,45.4465217590332,26.760005950927734
2017-03-28,2.655918598175049,29.270872116088867,13.6899995803833,46.02402877807617,26.90522575378418
2017-03-29,2.6472866535186768,29.246196746826172,13.710000038146973,46.00798797607422,26.56639289855957
2017-03-30,2.6980912685394287,29.394208908081055,14.050000190734863,45.87965774536133,26.679336547851562
2017-03-31,2.68649959564209,29.657306671142578,14.550000190734863,45.991947174072266,26.493785858154297
2017-04-03,2.6729345321655273,29.731306076049805,14.640000343322754,45.31819534301758,26.534116744995117
2017-04-04,2.485499620437622,29.82998275756836,14.15999984741211,45.46257019042969,26.509918212890625
2017-04-05,2.4670023918151855,29.780641555786133,14.170000076293945,45.294132232666016,26.54218864440918
2017-04-06,2.485006809234619,29.62441062927246,13.270000457763672,45.34225845336914,26.509918212890625
2017-04-07,2.4744012355804443,29.62441062927246,13.520000457763672,45.17381286621094,26.517986297607422
2017-04-10,2.4112648963928223,29.435312271118164,13.100000381469727,45.334228515625,26.235618591308594
2017-04-11,2.4198968410491943,29.385976791381836,13.100000381469727,44.39578628540039,26.138813018798828
2017-04-12,2.399919271469116,29.2955379486084,12.760000228881836,42.82368469238281,26.042001724243164
2017-04-13,2.3550338745117188,28.983095169067383,12.3100004196167,42.342437744140625,25.678958892822266
2017-04-17,2.447272539138794,29.172204971313477,12.789999961853027,42.42263412475586,25.84031105041504
2017-04-18,2.448751449584961,29.41064453125,12.949999809265137,42.246177673339844,25.646697998046875
2017-04-19,2.4583709239959717,29.525754928588867,12.84000015258789,42.19804382324219,25.50147819519043
2017-04-20,2.4973368644714355,29.747751235961914,13.109999656677246,42.238162994384766,25.646697998046875
2017-04-21,2.507695198059082,29.86287498474121,13.0,42.109825134277344,25.880651473999023
2017-04-24,2.5390169620513916,30.216419219970703,13.130000114440918,42.35846710205078,26.38083267211914
2017-04-25,2.583162784576416,30.315078735351562,13.489999771118164,42.51088333129883,26.679336547851562
2017-04-26,2.565406084060669,30.364418029785156,13.40999984741211,42.54295349121094,26.62286376953125
2017-04-27,2.6053597927093506,30.77552032470703,13.619999885559082,42.67930603027344,26.638994216918945
2017-04-28,2.572312116622925,29.72309112548828,13.300000190734863,43.10441589355469,26.679336547851562
2017-05-01,2.6300222873687744,29.854646682739258,13.619999885559082,42.992130279541016,26.945566177368164
2017-05-02,2.5520877838134766,30.397306442260742,10.319999694824219,42.74348068237305,27.373144149780273
2017-05-03,2.5710790157318115,30.631725311279297,10.390000343322754,43.70598220825195,27.66357421875
2017-05-04,2.5612142086029053,30.524032592773438,10.100000381469727,44.0428581237793,27.54256248474121
2017-05-05,2.561460018157959,30.499195098876953,10.1899995803833,44.058902740478516,27.768457412719727
2017-05-08,2.5345776081085205,30.267255783081055,10.039999961853027,43.81025314331055,28.22023582458496
2017-05-09,2.5387706756591797,30.126436233520508,10.180000305175781,44.2353630065918,28.567140579223633
2017-05-10,2.9913294315338135,29.828237533569336,10.789999961853027,44.3797492980957,28.567140579223633
2017-05-11,3.119821310043335,29.563161849975586,11.069999694824219,43.85837936401367,28.68815040588379
2017-05-12,3.1541030406951904,29.43062973022461,11.260000228881836,44.371726989746094,28.534866333007812
2017-05-15,3.312437057495117,29.513469696044922,11.420000076293945,44.4359016418457,28.284778594970703
2017-05-16,3.3740932941436768,29.670856475830078,12.75,44.877044677734375,28.26056480407715
2017-05-17,3.1499109268188477,29.024761199951172,11.199999809265137,44.403804779052734,27.768457412719727
2017-05-18,3.281855344772339,29.173858642578125,11.279999732971191,45.01338577270508,28.155691146850586
2017-05-19,3.357649087905884,29.322956085205078,11.40999984741211,46.25663757324219,28.397716522216797
2017-05-22,3.429246425628662,29.629436492919922,11.039999961853027,47.548004150390625,28.55907440185547
2017-05-23,3.383078098297119,29.70398712158203,10.890000343322754,47.49987030029297,28.55907440185547
2017-05-24,3.421098470687866,29.919353485107422,10.890000343322754,47.03465270996094,28.65587615966797
2017-05-25,3.413445234298706,30.03532600402832,10.979999542236328,46.882266998291016,28.696218490600586
2017-05-26,3.5018310546875,30.03532600402832,11.0,46.590675354003906,28.647808074951172
2017-05-30,3.5766377449035645,29.96905517578125,11.119999885559082,46.44487380981445,28.86563491821289
2017-05-31,3.5637996196746826,29.91107749938965,11.1899995803833,46.3881721496582,28.526798248291016
2017-06-01,3.564046859741211,29.919353485107422,10.930000305175781,47.481658935546875,28.954378128051758
2017-06-02,3.5462708473205566,30.085023880004883,10.899999618530273,47.44926452636719,29.188335418701172
2017-06-05,3.6541595458984375,30.101594924926758,11.239999771118164,47.676055908203125,29.357759475708008
2017-06-06,3.637618064880371,29.927640914916992,12.029999732971191,47.14146423339844,29.390024185180664
2017-06-07,3.6815640926361084,30.03532600402832,12.380000114440918,46.59877395629883,29.414230346679688
2017-06-08,3.948694944381714,30.217557907104492,12.899999618530273,47.076663970947266,29.712738037109375
2017-06-09,3.6934139728546143,29.579736709594727,12.279999732971191,46.20997619628906,28.87370491027832
2017-06-12,3.7025489807128906,29.59630584716797,12.09000015258789,46.56637191772461,28.42999267578125
2017-06-13,3.737853765487671,29.72055435180664,11.960000038146973,46.60686111450195,28.68815040588379
2017-06-14,3.7457549571990967,29.43062973022461,11.770000457763672,46.17757034301758,28.760761260986328
2017-06-15,3.7618019580841064,29.248409271240234,11.5,46.112770080566406,28.59133529663086
2017-06-16,3.7432847023010254,29.165573120117188,11.4399995803833,46.0236701965332,28.938241958618164
2017-06-19,3.8840107917785645,29.414072036743164,11.930000305175781,46.66356658935547,29.212541580200195
2017-06-20,3.878331422805786,28.875652313232422,12.640000343322754,45.999385833740234,29.148000717163086
2017-06-21,3.93709135055542,28.643733978271484,13.979999542236328,45.62678527832031,29.615907669067383
2017-06-22,3.90993332862854,28.461488723754883,14.380000114440918,45.74018478393555,29.615907669067383
2017-06-23,3.797847270965576,28.320674896240234,14.170000076293945,46.0965690612793,29.632049560546875
2017-06-26,3.7563698291778564,28.221271514892578,14.079999923706055,45.813079833984375,30.097721099853516
2017-06-27,3.6188547611236572,27.87337303161621,13.399999618530273,44.89779281616211,29.231365203857422
2017-06-28,3.746495008468628,28.328960418701172,13.229999542236328,45.489078521728516,29.447952270507812
2017-06-29,3.621323585510254,27.782262802124023,12.600000381469727,44.61429214477539,28.998111724853516
2017-06-30,3.568983554840088,27.94793128967285,12.479999542236328,44.727691650390625,29.12306022644043
2017-07-03,3.439862012863159,27.71599006652832,12.149999618530273,44.509002685546875,29.056419372558594
2017-07-05,3.531703472137451,28.444927215576172,13.1899995803833,44.91400146484375,29.00643539428711
2017-07-06,3.5423197746276855,27.856807708740234,13.020000457763672,44.379398345947266,28.739866256713867
2017-07-07,3.6232988834381104,28.063892364501953,13.359999656677246,44.83299255371094,28.84816551208496
2017-07-10,3.79463791847229,27.87337303161621,13.8100004196167,45.067893981933594,29.156383514404297
2017-07-11,3.8484597206115723,28.09702491760254,13.890000343322754,44.81679916381836,29.472944259643555
2017-07-12,4.012142658233643,28.370378494262695,14.289999961853027,45.52147674560547,29.73118019104004
2017-07-13,3.9657297134399414,28.362092971801758,13.529999732971191,45.54578399658203,30.114383697509766
2017-07-14,4.072385787963867,28.7265567779541,13.920000076293945,46.015586853027344,30.197689056396484
2017-07-17,4.055102348327637,28.552608489990234,13.800000190734863,45.73207473754883,29.914453506469727
2017-07-18,4.097320556640625,28.60230827331543,13.479999542236328,45.594390869140625,29.881132125854492
2017-07-19,4.0760884284973145,28.62715721130371,13.550000190734863,45.991275787353516,30.330974578857422
2017-07-20,4.135339260101318,28.784547805786133,13.800000190734863,43.715206146240234,30.072731018066406
2017-07-21,4.150152206420898,28.767976760864258,13.880000114440918,43.60990524291992,29.864471435546875
2017-07-24,4.1020097732543945,28.577463150024414,14.15999984741211,43.107704162597656,30.172697067260742
2017-07-25,4.0822601318359375,28.718276977539062,14.109999656677246,43.14820861816406,30.072731018066406
2017-07-26,4.129415512084961,28.784547805786133,14.760000228881836,43.04290771484375,30.172697067260742
2017-07-27,3.993133544921875,28.966777801513672,14.119999885559082,42.516414642333984,30.139371871948242
2017-07-28,4.058558940887451,29.248409271240234,13.949999809265137,42.83231735229492,29.872806549072266
2017-07-31,4.012142658233643,29.38093376159668,13.609999656677246,43.083404541015625,29.956106185913086
2017-08-01,4.061028480529785,30.1098690032959,13.710000038146973,43.26161193847656,29.856138229370117
2017-08-02,4.058558940887451,30.350093841552734,13.369999885559082,43.06721878051758,30.047744750976562
2017-08-03,4.110158443450928,30.452739715576172,13.239999771118164,42.889015197753906,29.81449317932129
2017-08-04,4.128180503845215,30.294179916381836,13.119999885559082,42.62171173095703,30.01441764831543
2017-08-07,4.25507926940918,30.40266990661621,13.430000305175781,42.6865119934082,30.64753532409668
2017-08-08,4.204468727111816,30.385974884033203,13.109999656677246,42.35441207885742,30.572561264038086
2017-08-09,4.249154567718506,30.536195755004883,12.829999923706055,42.74321365356445,30.372623443603516
2017-08-10,4.067200183868408,30.160654067993164,12.119999885559082,42.39492416381836,29.439620971679688
2017-08-11,3.8504340648651123,29.935319900512695,12.229999542236328,42.70271682739258,30.10605239868164
2017-08-14,4.157560348510742,30.327556610107422,12.760000228881836,43.374996185302734,30.03107261657715
2017-08-15,4.122501850128174,30.04380989074707,13.020000457763672,43.63420867919922,30.339305877685547
2017-08-16,4.077321529388428,29.885244369506836,12.630000114440918,43.18062210083008,30.272661209106445
2017-08-17,3.98646879196167,29.35113525390625,12.34000015258789,42.33821105957031,29.81449317932129
2017-08-18,3.987208366394043,29.21760368347168,12.369999885559082,42.054725646972656,29.872806549072266
2017-08-21,3.929190158843994,29.14249038696289,12.050000190734863,42.10332489013672,29.9727725982666
2017-08-22,4.016664028167725,28.917163848876953,12.170000076293945,42.40302276611328,30.422605514526367
2017-08-23,4.0969743728637695,28.92551040649414,12.479999542236328,42.305824279785156,30.472591400146484
2017-08-24,4.0819010734558105,28.967243194580078,12.5,42.516414642333984,30.68085479736328
2017-08-25,4.047799587249756,28.933856964111328,12.430000305175781,42.14381790161133,30.6975040435791
2017-08-28,4.0764641761779785,28.917163848876953,12.229999542236328,42.43046188354492,30.6308650970459
2017-08-29,4.069793224334717,28.983930587768555,12.149999618530273,42.43046188354492,30.722501754760742
2017-08-30,4.094008445739746,29.117456436157227,12.670000076293945,42.684329986572266,30.7641544342041
2017-08-31,4.18691873550415,29.267677307128906,13.0,42.80717468261719,30.797475814819336
2017-09-01,4.212123394012451,29.284364700317383,13.1899995803833,42.62700653076172,31.005739212036133
2017-09-05,4.0996904373168945,29.22595977783203,12.920000076293945,40.97270584106445,30.6975040435791
2017-09-06,4.097221374511719,29.84351921081543,12.859999656677246,41.31666946411133,31.04738998413086
2017-09-07,4.116247653961182,29.65991973876953,12.630000114440918,41.25934600830078,31.272306442260742
2017-09-08,4.044834613800049,29.367822647094727,12.25,40.65330123901367,31.238981246948242
2017-09-11,4.1760454177856445,29.85186004638672,12.550000190734863,41.41493225097656,31.522218704223633
2017-09-12,4.19111967086792,30.118915557861328,12.300000190734863,41.685211181640625,31.538881301879883
2017-09-13,4.209899425506592,30.319211959838867,12.220000267028809,41.775291442871094,31.26397132873535
2017-09-14,4.185930252075195,30.444395065307617,12.260000228881836,42.16020202636719,31.139028549194336
2017-09-15,4.450578212738037,30.878366470336914,12.520000457763672,42.741668701171875,31.363941192626953
2017-09-18,4.63442325592041,30.878366470336914,13.079999923706055,42.79079818725586,31.713815689086914
2017-09-19,4.629481792449951,31.0703125,13.119999885559082,42.83174514770508,31.90542221069336
2017-09-20,4.59216833114624,30.9367733001709,13.739999771118164,42.569679260253906,31.505556106567383
2017-09-21,4.466639518737793,31.045269012451172,13.40999984741211,42.61063003540039,31.85542869567871
2017-09-22,4.423150539398193,31.028573989868164,13.300000190734863,42.659767150878906,31.463903427124023
2017-09-25,4.225466728210449,31.01188850402832,12.609999656677246,42.27485656738281,30.880779266357422
2017-09-26,4.249188423156738,31.270599365234375,12.449999809265137,41.873565673828125,30.93909454345703
2017-09-27,4.342347145080566,31.32901382446289,12.739999771118164,42.217533111572266,31.030729293823242
2017-09-28,4.341111660003662,31.571035385131836,12.739999771118164,42.38132095336914,30.864120483398438
2017-09-29,4.417466640472412,31.779672622680664,12.75,42.45503616333008,31.2806396484375
2017-10-02,4.423150539398193,32.58084487915039,12.710000038146973,42.487789154052734,31.763797760009766
2017-10-03,4.4322943687438965,32.864593505859375,13.420000076293945,42.602447509765625,32.02204513549805
2017-10-04,4.469358444213867,32.83120346069336,13.3100004196167,42.55330276489258,31.880428314208984
2017-10-05,4.466885566711426,32.989776611328125,13.34000015258789,42.872703552246094,32.03870391845703
2017-10-06,4.479982852935791,33.07322692871094,13.229999542236328,42.98735427856445,32.03870391845703
2017-10-09,4.581048488616943,33.26517105102539,13.470000267028809,43.3067512512207,32.29694366455078
2017-10-10,4.668524265289307,33.08991622924805,13.699999809265137,44.117523193359375,32.463558197021484
2017-10-11,4.718190670013428,32.79781723022461,13.880000114440918,44.322269439697266,33.613155364990234
2017-10-12,4.720415115356445,32.706024169921875,14.199999809265137,43.4050407409668,33.6881217956543
2017-10-13,4.808383941650391,33.10660934448242,14.220000267028809,43.25762176513672,34.004676818847656
2017-10-16,4.890915870666504,33.18171691894531,14.260000228881836,42.89726257324219,34.062992095947266
2017-10-17,4.88646936416626,33.206756591796875,14.15999984741211,42.92184066772461,34.362876892089844
2017-10-18,4.88226842880249,33.59065628051758,14.069999694824219,42.7580451965332,34.57114791870117
2017-10-19,4.887704372406006,33.457122802734375,13.949999809265137,42.82355499267578,34.212947845458984
2017-10-20,4.865466594696045,33.74087905883789,13.8100004196167,42.602447509765625,34.25458908081055
2017-10-23,4.858544826507568,34.07468795776367,14.100000381469727,43.72441864013672,34.329559326171875
2017-10-24,4.909448623657227,34.174842834472656,14.25,44.428733825683594,34.421199798583984
2017-10-25,4.785402774810791,34.032958984375,12.329999923706055,44.092952728271484,34.28791046142578
2017-10-26,4.835565090179443,34.50864791870117,12.010000228881836,44.06018829345703,34.32122802734375
2017-10-27,4.988028526306152,37.05404281616211,11.84000015258789,44.690799713134766,35.11262512207031
2017-10-30,5.036954879760742,37.028995513916016,10.890000343322754,44.764495849609375,35.09596633911133
2017-10-31,5.110343933105469,37.963687896728516,10.989999771118164,41.775291442871094,35.2625732421875
2017-11-01,5.119980812072754,38.98183822631836,10.800000190734863,43.781742095947266,35.07096862792969
2017-11-02,5.088847637176514,39.307315826416016,10.850000381469727,44.911903381347656,35.11262512207031
2017-11-03,5.15679931640625,38.673065185546875,11.119999885559082,50.620094299316406,35.145931243896484
2017-11-06,5.180026531219482,39.2044677734375,11.930000305175781,51.20155334472656,35.34587097167969
2017-11-07,5.23933219909668,39.27161407470703,12.050000190734863,52.495513916015625,35.41251754760742
2017-11-08,5.168414115905762,39.2044677734375,11.710000038146973,53.633872985839844,35.34587097167969
2017-11-09,5.073525428771973,38.8686637878418,11.119999885559082,52.90498352050781,34.687774658203125
2017-11-10,5.340891361236572,38.26422882080078,11.260000228881836,52.88043212890625,34.754417419433594
2017-11-13,5.254159927368164,38.40694046020508,11.09000015258789,54.45283889770508,34.996002197265625
2017-11-14,5.292459487915039,38.49928665161133,11.119999885559082,54.05154037475586,34.87104034423828
2017-11-15,5.188675880432129,38.16347885131836,11.069999694824219,53.732147216796875,34.60446548461914
2017-11-16,5.228954792022705,38.322994232177734,11.25,54.141639709472656,35.07096862792969
2017-11-17,5.222775936126709,37.46670913696289,11.380000114440918,54.64118576049805,35.045982360839844
2017-11-20,5.2899885177612305,37.45830535888672,11.34000015258789,54.436466217041016,35.16260528564453
2017-11-21,5.338667869567871,37.72694778442383,11.399999618530273,54.60024642944336,35.470829010009766
2017-11-22,5.314682960510254,37.48349380493164,11.369999885559082,55.795928955078125,35.32920837402344
2017-11-24,5.364879608154297,37.56744384765625,11.380000114440918,56.43472671508789,35.812374114990234
2017-11-27,5.295146942138672,37.349178314208984,11.550000190734863,55.804115295410156,34.2296028137207
2017-11-28,5.210331916809082,37.5506477355957,11.170000076293945,56.473079681396484,34.09632110595703
2017-11-29,4.8569769859313965,36.89585494995117,10.829999923706055,54.936954498291016,32.83008575439453
2017-11-30,4.963056564331055,37.643001556396484,10.890000343322754,54.788299560546875,32.98836898803711
2017-12-01,4.888132572174072,37.5086784362793,10.729999542236328,54.086299896240234,33.071678161621094
2017-12-04,4.61563777923584,37.349178314208984,10.029999732971191,53.3182487487793,32.81342697143555
2017-12-05,4.642340183258057,36.46770095825195,9.90999984741211,53.42560958862305,32.6551513671875
2017-12-06,4.679928779602051,36.476097106933594,10.0,53.66511535644531,32.22197723388672
2017-12-07,4.747433185577393,36.16548156738281,10.039999961853027,53.871585845947266,32.49687576293945
2017-12-08,4.735070705413818,36.392154693603516,9.9399995803833,53.0539665222168,32.48854446411133
2017-12-11,4.813455104827881,36.65239334106445,10.15999984741211,53.830291748046875,32.79676818847656
2017-12-12,4.718997478485107,36.37535858154297,9.899999618530273,53.566001892089844,32.738460540771484
2017-12-13,4.60376501083374,36.383758544921875,10.109999656677246,53.59904861450195,32.730125427246094
2017-12-14,4.61093807220459,36.316593170166016,10.130000114440918,53.433868408203125,32.8217658996582
2017-12-15,4.736802101135254,37.40794372558594,10.289999961853027,53.48342514038086,32.90506362915039
2017-12-18,4.89357328414917,38.83509063720703,10.979999542236328,53.99546432495117,32.8217658996582
2017-12-19,4.849310398101807,39.48988723754883,10.949999809265137,53.26869201660156,32.77178955078125
2017-12-20,4.866373062133789,39.92642593383789,10.979999542236328,53.35128402709961,32.85508346557617
2017-12-21,4.843870162963867,39.25483703613281,10.890000343322754,53.177852630615234,32.680137634277344
2017-12-22,4.8285393714904785,39.2044677734375,10.539999961853027,53.45865249633789,33.01335906982422
2017-12-26,4.882198333740234,38.68397903442383,10.460000038146973,53.10353088378906,32.4468994140625
2017-12-27,4.875520706176758,38.70915603637695,10.529999732971191,53.301727294921875,32.55519485473633
2017-12-28,4.8812079429626465,38.80150604248047,10.550000190734863,53.16957473754883,33.10499572753906
2017-12-29,4.784771919250488,38.75113296508789,10.279999732971191,52.87228012084961,33.03002166748047
2018-01-02,4.929427146911621,39.330387115478516,10.979999542236328,53.846797943115234,34.17129135131836
2018-01-03,5.253853797912598,37.99558639526367,11.550000190734863,54.457950592041016,34.7460823059082
2018-01-04,5.281547546386719,37.29881286621094,12.119999885559082,54.532283782958984,34.56281280517578
2018-01-05,5.326303005218506,37.55904769897461,11.880000114440918,54.895668029785156,35.37086486816406
2018-01-08,5.489505290985107,37.55904769897461,12.279999732971191,54.730491638183594,35.35419464111328
2018-01-09,5.488022804260254,36.61880874633789,11.819999694824219,53.90460968017578,35.13759994506836
2018-01-10,5.531047821044922,35.6785774230957,11.960000038146973,53.89635467529297,34.40452575683594
2018-01-11,5.540938377380371,36.4425163269043,12.140000343322754,54.03675842285156,34.17961502075195
2018-01-12,5.513737678527832,36.2998046875,12.020000457763672,53.99546432495117,34.31290054321289
2018-01-16,5.442769527435303,36.21585464477539,11.90999984741211,56.365718841552734,35.17926025390625
2018-01-17,5.556763172149658,37.265220642089844,12.180000305175781,56.17576599121094,35.92900466918945
2018-01-18,5.549840450286865,37.34077453613281,12.470000267028809,56.200538635253906,37.12857437133789
2018-01-19,5.690045356750488,37.6262092590332,12.59000015258789,56.19227981567383,37.211875915527344
2018-01-22,5.778569221496582,38.40694046020508,12.649999618530273,56.71256637573242,38.63636779785156
2018-01-23,5.907647609710693,38.66718292236328,12.9399995803833,56.44003677368164,38.553070068359375
2018-01-24,5.830743789672852,38.20545959472656,12.710000038146973,56.14273452758789,37.76169204711914
2018-01-25,5.844345569610596,38.02916717529297,12.40999984741211,55.680240631103516,37.57008743286133
2018-01-26,6.016943454742432,42.04195785522461,12.949999809265137,56.596946716308594,38.086578369140625
2018-01-29,6.1039838790893555,41.95801544189453,13.319999694824219,55.597652435302734,37.81999588012695
2018-01-30,6.001859188079834,40.959007263183594,12.869999885559082,55.32511901855469,37.38682174682617
2018-01-31,6.0780181884765625,40.41334533691406,13.739999771118164,56.365718841552734,37.74502182006836
2018-02-01,5.946962356567383,40.001991271972656,13.25,55.1682014465332,37.86164855957031
2018-02-02,5.77436637878418,38.74274826049805,12.449999809265137,54.5653190612793,37.07859802246094
2018-02-05,5.284267425537109,37.374359130859375,11.569999694824219,50.98103332519531,35.779056549072266
2018-02-06,5.578030109405518,37.957542419433594,11.649999618530273,53.18610763549805,36.312191009521484
2018-02-07,5.657652378082275,38.202640533447266,11.600000381469727,53.714664459228516,34.887699127197266
2018-02-08,5.378726959228516,36.131935119628906,11.220000267028809,51.55088424682617,33.6214714050293
2018-02-09,5.7387590408325195,37.14616394042969,11.3100004196167,52.84750747680664,34.5461540222168
2018-02-12,5.638612747192383,37.88992691040039,11.680000305175781,54.22671127319336,35.429176330566406
2018-02-13,5.752359390258789,37.577205657958984,11.779999732971191,54.259735107421875,35.30421447753906
2018-02-14,5.969712734222412,38.35478591918945,12.199999809265137,54.994781494140625,35.86235046386719
2018-02-15,6.095329761505127,38.81118392944336,12.1899995803833,53.91287612915039,36.253883361816406
2018-02-16,6.029556751251221,38.50690841674805,11.819999694824219,53.55774688720703,36.22056198120117
2018-02-20,6.1591267585754395,39.149261474609375,12.020000457763672,52.84750747680664,36.43714904785156
2018-02-21,5.971939563751221,38.828094482421875,11.720000267028809,52.36024475097656,35.729068756103516
2018-02-22,5.991485118865967,38.70975875854492,11.84000015258789,51.3526725769043,35.312557220458984
2018-02-23,6.085014820098877,40.34098815917969,12.069999694824219,52.29417419433594,36.57044982910156
2018-02-26,6.101098537445068,41.5073356628418,12.420000076293945,55.31686782836914,36.99529266357422
2018-02-27,6.088232040405273,42.183494567871094,12.529999732971191,55.2585563659668,36.337188720703125
2018-02-28,5.987773895263672,41.659488677978516,12.109999656677246,54.142372131347656,36.11226272583008
2018-03-01,5.745542049407959,40.43395233154297,11.899999618530273,54.10906982421875,35.587459564208984
2018-03-02,5.852676868438721,41.3974723815918,11.8100004196167,53.92580032348633,35.82904052734375
2018-03-05,5.830657005310059,42.04826354980469,11.90999984741211,53.317752838134766,36.2288932800293
2018-03-06,5.991733551025391,42.859649658203125,11.760000228881836,51.76011276245117,36.27055358886719
2018-03-07,5.9838175773620605,43.37521743774414,12.239999771118164,52.0516471862793,36.820350646972656
2018-03-08,5.9674859046936035,42.88500213623047,11.970000267028809,51.49357986450195,36.487144470214844
2018-03-09,6.070169448852539,44.110538482666016,11.699999809265137,52.50144958496094,37.14524459838867
2018-03-12,6.179778099060059,43.544254302978516,11.520000457763672,52.318206787109375,37.6700553894043
2018-03-13,6.129056930541992,43.764015197753906,11.640000343322754,49.727691650390625,37.47844696044922
2018-03-14,6.154541492462158,43.83161926269531,11.359999656677246,50.077537536621094,37.61174392700195
2018-03-15,6.169387340545654,43.003326416015625,11.460000038146973,49.885963439941406,37.74502182006836
2018-03-16,6.197594165802002,43.24843215942383,11.470000267028809,50.494022369384766,37.4617919921875
2018-03-19,5.963032245635986,42.96108627319336,11.430000305175781,48.61985397338867,37.15357208251953
2018-03-20,6.175325393676758,43.569610595703125,11.109999656677246,48.52823257446289,37.34516906738281
2018-03-21,6.150088787078857,43.57806396484375,11.260000228881836,47.32044219970703,37.236873626708984
2018-03-22,5.984062194824219,42.96108627319336,10.90999984741211,46.29590606689453,36.3954963684082
2018-03-23,5.764345645904541,41.71864700317383,10.630000114440918,44.69662857055664,35.470829010009766
2018-03-26,6.049136161804199,44.35564041137695,10.4399995803833,46.7540283203125,36.878665924072266
2018-03-27,5.58001184463501,43.265342712402344,10.0,45.67950439453125,36.06229019165039
2018-03-28,5.476833820343018,41.92149353027344,9.8100004196167,45.56290054321289,35.56245803833008
2018-03-29,5.730201721191406,44.017555236816406,10.050000190734863,46.154296875,36.45381546020508
2018-04-02,5.4694108963012695,41.34675979614258,9.529999732971191,44.821563720703125,35.40419006347656
2018-04-03,5.575806140899658,42.04826354980469,9.550000190734863,45.6295280456543,36.22056198120117
2018-04-04,5.597827911376953,42.25111770629883,9.770000457763672,45.80445861816406,36.603763580322266
2018-04-05,5.477575778961182,42.58074188232422,10.020000457763672,45.84611129760742,36.087276458740234
2018-04-06,5.30116081237793,41.23688507080078,9.609999656677246,44.246822357177734,35.3375358581543
2018-04-09,5.329861640930176,41.87922286987305,9.529999732971191,44.505035400390625,35.879024505615234
2018-04-10,5.63914680480957,43.33296203613281,9.979999542236328,45.62119674682617,36.30388259887695
2018-04-11,5.597827911376953,43.18927764892578,9.819999694824219,45.82111358642578,36.13725662231445
2018-04-12,5.804676532745361,44.55848693847656,10.079999923706055,45.979373931884766,36.52878189086914
2018-04-13,5.727974891662598,43.83161926269531,9.930000305175781,46.420841217041016,35.52914047241211
2018-04-16,5.72772741317749,44.28802490234375,10.09000015258789,45.62119674682617,35.71240234375
2018-04-17,5.877421855926514,45.251548767089844,10.520000457763672,46.10431671142578,35.245906829833984
2018-04-18,5.84847354888916,45.310699462890625,10.359999656677246,46.004364013671875,34.92102813720703
2018-04-19,5.667106628417969,44.135894775390625,10.109999656677246,43.788692474365234,32.930049896240234
2018-04-20,5.658942222595215,43.55271911621094,9.989999771118164,42.84745407104492,32.4468994140625
2018-04-23,5.539434432983398,43.18927764892578,10.039999961853027,42.08945846557617,32.28029251098633
2018-04-24,5.473124027252197,43.4850959777832,10.09000015258789,41.59800720214844,32.28029251098633
2018-04-25,5.360790252685547,43.42593002319336,9.710000038146973,41.43974685668945,31.797128677368164
2018-04-26,5.5725884437561035,44.837398529052734,11.039999961853027,42.03948211669922,31.797128677368164
2018-04-27,5.6000542640686035,44.566932678222656,11.109999656677246,42.57257080078125,31.797128677368164
2018-04-30,5.564671993255615,43.62877655029297,10.880000114440918,42.48928451538086,32.03036880493164
2018-05-01,5.620096206665039,45.07405471801758,11.130000114440918,42.331016540527344,32.43024444580078
2018-05-02,5.599559307098389,44.21195983886719,10.970000267028809,41.86455535888672,31.447246551513672
2018-05-03,5.764841079711914,44.18660354614258,10.930000305175781,41.90620422363281,31.738805770874023
2018-05-04,5.9150309562683105,44.86665344238281,11.279999732971191,43.7220458984375,32.147003173828125
2018-05-07,6.15305757522583,45.33419418334961,11.59000015258789,44.15519332885742,32.03036880493164
2018-05-08,6.195614814758301,45.58921813964844,11.609999656677246,44.03024673461914,32.63848876953125
2018-05-09,6.328731060028076,46.1927604675293,11.949999809265137,44.28845977783203,32.78010559082031
2018-05-10,6.43636417388916,46.73680877685547,12.130000114440918,45.787803649902344,33.12998580932617
2018-05-11,6.297802925109863,46.473289489746094,11.949999809265137,46.004364013671875,33.246620178222656
2018-05-14,6.318339824676514,46.66880798339844,12.229999542236328,47.26214599609375,33.279937744140625
2018-05-15,6.075859546661377,45.835731506347656,12.449999809265137,46.345882415771484,32.738460540771484
2018-05-16,6.086994171142578,46.447792053222656,12.819999694824219,47.22881317138672,33.146644592285156
2018-05-17,6.129056930541992,46.59229278564453,12.819999694824219,47.43706130981445,32.455223083496094
2018-05-18,6.085261344909668,45.478702545166016,13.0,47.90351486206055,32.005393981933594
2018-05-21,6.043198585510254,46.1757698059082,12.989999771118164,48.07011413574219,32.880069732666016
2018-05-22,6.005095958709717,46.2862663269043,12.979999542236328,47.80356216430664,33.02168655395508
2018-05-23,6.1286396980285645,46.93232345581055,13.100000381469727,48.994686126708984,33.03002166748047
2018-05-24,6.132350921630859,46.54128646850586,13.40999984741211,49.211265563964844,32.71345520019531
2018-05-25,6.171716213226318,47.12783432006836,13.539999961853027,49.94425964355469,32.738460540771484
2018-05-29,6.154633045196533,47.025840759277344,13.359999656677246,49.0100212097168,31.788789749145508
2018-05-30,6.263569355010986,47.33185958862305,13.819999694824219,49.144683837890625,31.93874740600586
2018-05-31,6.243762493133545,46.923824310302734,13.729999542236328,48.91743850708008,32.23863983154297
2018-06-01,6.378200531005859,48.52195739746094,14.399999618530273,49.32985305786133,32.6551513671875
2018-06-04,6.5572028160095215,48.309444427490234,14.850000381469727,49.41402816772461,33.296592712402344
2018-06-05,6.562647819519043,48.05440902709961,14.850000381469727,49.64126968383789,32.93838882446289
2018-06-06,6.5646281242370605,48.479454040527344,15.670000076293945,50.36509323120117,32.955047607421875
2018-06-07,6.5089240074157715,47.501869201660156,14.890000343322754,51.03841781616211,32.92172622680664
2018-06-08,6.493573188781738,46.79631805419922,15.25,50.718589782714844,32.43024444580078
2018-06-11,6.452474594116211,46.34577178955078,15.729999542236328,50.44084548950195,32.28861618041992
2018-06-12,6.500999927520752,46.600791931152344,15.850000381469727,50.32301712036133,32.6551513671875
2018-06-13,6.496544361114502,46.77930450439453,16.31999969482422,49.843265533447266,32.53020477294922
2018-06-14,6.608204364776611,47.21284484863281,16.25,50.04526138305664,32.15532302856445
2018-06-15,6.567352771759033,46.847320556640625,16.34000015258789,50.381927490234375,32.23030090332031
2018-06-18,6.563144683837891,45.24068832397461,17.110000610351562,49.8264274597168,31.8637638092041
2018-06-19,6.441333293914795,44.99415969848633,16.690000534057617,49.405609130859375,31.288970947265625
2018-06-20,6.494316577911377,45.444698333740234,16.520000457763672,49.48135757446289,31.94706916809082
2018-06-21,6.365574836730957,44.365116119384766,15.649999618530273,49.44767761230469,31.338951110839844
2018-06-22,6.2130632400512695,44.628631591796875,15.800000190734863,49.237274169921875,31.75546646118164
2018-06-25,5.920172691345215,43.10700988769531,15.109999656677246,48.016849517822266,31.526630401611328
2018-06-26,5.991230487823486,42.222938537597656,15.5,47.511863708496094,31.483469009399414
2018-06-27,5.835996627807617,41.44938278198242,14.970000267028809,46.43452453613281,30.663129806518555
2018-06-28,5.963253974914551,41.86590576171875,15.3100004196167,47.0489387512207,31.034435272216797
2018-06-29,5.865212440490723,42.25695037841797,14.989999771118164,47.234107971191406,31.569820404052734
2018-07-02,5.997419834136963,42.67347717285156,15.15999984741211,47.284610748291016,31.552539825439453
2018-07-03,5.863725185394287,42.05292892456055,15.0,46.5692024230957,31.423017501831055
2018-07-05,6.009551525115967,43.141014099121094,15.5,48.29460525512695,31.595726013183594
2018-07-06,6.123439788818359,43.668052673339844,16.360000610351562,48.681766510009766,32.18290710449219
2018-07-09,6.1709747314453125,44.084598541259766,16.610000610351562,48.85009765625,32.666465759277344
2018-07-10,6.2700066566467285,44.33961486816406,16.549999237060547,49.127845764160156,32.75282287597656
2018-07-11,6.128391742706299,43.5235481262207,16.270000457763672,48.227272033691406,31.923858642578125
2018-07-12,6.219995975494385,44.501121520996094,16.559999465942383,49.085758209228516,32.21745681762695
2018-07-13,6.172707557678223,44.390621185302734,16.270000457763672,49.144683837890625,32.61465835571289
2018-07-16,6.144978046417236,44.212093353271484,16.579999923706055,49.11101531982422,32.63192367553711
2018-07-17,6.280899524688721,43.9910888671875,16.8700008392334,49.58234786987305,32.847816467285156
2018-07-18,6.231632709503174,43.96559143066406,16.850000381469727,49.456092834472656,33.167301177978516
2018-07-19,6.239802360534668,44.18659973144531,16.709999084472656,49.91901779174805,34.376216888427734
2018-07-20,6.211577892303467,44.12710189819336,16.5,49.32985305786133,35.1706428527832
2018-07-23,6.174934387207031,44.46712112426758,16.65999984741211,49.725440979003906,35.17927932739258
2018-07-24,6.1576056480407715,44.35661697387695,16.190000534057617,49.53185272216797,34.877044677734375
2018-07-25,6.235840320587158,44.56913757324219,16.049999237060547,50.011592864990234,35.30880355834961
2018-07-26,6.3093719482421875,44.33961486816406,18.350000381469727,53.51292037963867,35.248348236083984
2018-07-27,6.239553451538086,40.531307220458984,18.940000534057617,52.76383590698242,35.79237747192383
2018-07-30,6.044211387634277,40.53981018066406,19.420000076293945,52.216758728027344,35.48150634765625
2018-07-31,6.062286376953125,40.88833236694336,18.329999923706055,53.94215774536133,35.585121154785156
2018-08-01,6.102145195007324,41.49188995361328,18.479999542236328,54.1609992980957,36.016883850097656
2018-08-02,6.204893112182617,42.061424255371094,18.790000915527344,54.51449203491211,35.87871170043945
2018-08-03,6.24153470993042,42.18894577026367,18.489999771118164,55.044742584228516,35.99960708618164
2018-08-06,6.289318561553955,42.16328048706055,19.43000030517578,55.322486877441406,35.464237213134766
2018-08-07,6.361611843109131,42.5053825378418,19.559999465942383,55.07840347290039,35.61103057861328
2018-08-08,6.398006439208984,42.72774124145508,19.579999923706055,54.842742919921875,36.24138641357422
2018-08-09,6.349480152130127,42.881683349609375,19.100000381469727,54.7754020690918,36.12913131713867
2018-08-10,6.308135509490967,41.77842330932617,19.059999465942383,54.55657958984375,35.4296875
2018-08-13,6.341063022613525,41.43632507324219,19.729999542236328,54.57341384887695,35.15336608886719
2018-08-14,6.472528457641602,41.15408706665039,20.020000457763672,55.06999206542969,35.326072692871094
2018-08-15,6.414347171783447,40.589637756347656,19.700000762939453,55.2804069519043,34.928855895996094
2018-08-16,6.373742580413818,40.34162521362305,19.329999923706055,55.347740173339844,34.894317626953125
2018-08-17,6.061295986175537,40.2817497253418,19.770000457763672,55.60022735595703,34.65254211425781
2018-08-20,6.136064529418945,39.76860809326172,19.979999542236328,55.68441390991211,34.62662124633789
2018-08-21,6.271740436553955,40.72648239135742,20.399999618530273,56.01266098022461,35.30880355834961
2018-08-22,6.506942272186279,40.23899459838867,20.899999618530273,56.25672912597656,35.31744384765625
2018-08-23,6.606471061706543,40.17912673950195,22.290000915527344,56.2735595703125,35.127464294433594
2018-08-24,6.739669322967529,40.76068878173828,23.979999542236328,56.51765441894531,35.61103057861328
2018-08-27,6.830779552459717,41.35080337524414,25.260000228881836,56.67756271362305,35.86144256591797
2018-08-28,6.79314661026001,41.538963317871094,25.049999237060547,58.731239318847656,36.569522857666016
2018-08-29,6.89867639541626,41.692901611328125,25.200000762939453,58.243045806884766,38.1065673828125
2018-08-30,6.881829261779785,41.256736755371094,24.889999389648438,57.35090637207031,37.528018951416016
2018-08-31,6.952925205230713,41.41922378540039,25.170000076293945,57.83063888549805,37.648902893066406
2018-09-04,7.027736663818359,41.01725769042969,28.059999465942383,59.435874938964844,38.089298248291016
2018-09-05,6.896940231323242,40.81199645996094,28.510000228881836,60.20877456665039,38.18428421020508
2018-09-06,6.755741119384766,40.41859436035156,27.84000015258789,59.75862121582031,38.037479400634766
2018-09-07,6.734438419342041,39.725852966308594,27.3799991607666,59.77558898925781,38.75419616699219
2018-09-10,6.805532455444336,39.597564697265625,29.889999389648438,61.42326736450195,38.52968215942383
2018-09-11,6.757723331451416,38.42588424682617,30.100000381469727,61.58467483520508,38.46923065185547
2018-09-12,6.643774032592773,38.42588424682617,32.209999084472656,60.93915557861328,37.94249725341797
2018-09-13,6.721556663513184,38.97323989868164,30.479999542236328,63.36827087402344,37.50210189819336
2018-09-14,6.847643852233887,38.94757843017578,32.720001220703125,63.775917053222656,38.34835433959961
2018-09-17,6.785715579986572,38.844947814941406,32.43000030517578,62.20466995239258,37.78706359863281
2018-09-18,6.713631629943848,39.426513671875,31.93000030517578,63.461673736572266,37.6143684387207
2018-09-19,6.737410545349121,39.46927261352539,31.209999084472656,62.9011344909668,38.01158142089844
2018-09-20,6.596212863922119,40.36727523803711,31.18000030517578,63.35974884033203,38.1411018371582
2018-09-21,6.526108264923096,39.90544891357422,31.020000457763672,62.595359802246094,38.046119689941406
2018-09-24,6.581843852996826,40.119258880615234,32.61000061035156,62.49344253540039,38.76283264160156
2018-09-25,6.648975849151611,39.2640266418457,32.56999969482422,61.780006408691406,38.1411018371582
2018-09-26,6.61206579208374,39.084415435791016,32.189998626708984,60.94767379760742,38.22745132446289
2018-09-27,6.623956203460693,39.23836898803711,32.59000015258789,60.905208587646484,38.65057373046875
2018-09-28,6.961346626281738,40.44424819946289,30.889999389648438,61.17699432373047,38.13247299194336
2018-10-01,7.167942523956299,39.725852966308594,31.420000076293945,61.66111755371094,38.56422424316406
2018-10-02,7.096601963043213,41.137001037597656,29.020000457763672,62.298099517822266,37.66618347167969
2018-10-03,7.102793216705322,41.70145034790039,28.43000030517578,61.695091247558594,37.95977020263672
2018-10-04,6.918492317199707,41.16265869140625,27.780000686645508,61.47426986694336,36.63860321044922
2018-10-05,6.684895038604736,40.221893310546875,27.350000381469727,60.48054122924805,35.94779968261719
2018-10-08,6.583578109741211,40.221893310546875,26.459999084472656,60.242740631103516,35.3692512512207
2018-10-09,6.577880382537842,39.81137466430664,27.239999771118164,59.56328201293945,35.31744384765625
2018-10-10,6.086162090301514,38.3147087097168,25.0,56.67555618286133,33.97900390625
2018-10-11,5.824572563171387,37.82721710205078,25.299999237060547,54.60319900512695,33.62495803833008
2018-10-12,6.107217788696289,38.38312530517578,26.34000015258789,54.60319900512695,34.2466926574707
2018-10-15,5.830765247344971,38.08378982543945,26.260000228881836,54.501285552978516,33.460899353027344
2018-10-16,6.089629650115967,39.2896842956543,28.18000030517578,56.157470703125,34.54890823364258
2018-10-17,6.0210137367248535,39.246917724609375,27.299999237060547,56.1404914855957,34.16897201538086
2018-10-18,5.933568954467773,38.46009063720703,26.6200008392334,55.3336296081543,33.27955627441406
2018-10-19,5.676934242248535,37.63050842285156,23.65999984741211,55.5119743347168,33.20184326171875
2018-10-22,5.727715492248535,38.49431610107422,25.030000686645508,56.157470703125,33.434993743896484
2018-10-23,5.476036071777344,38.05813217163086,25.09000015258789,56.37828063964844,32.813262939453125
2018-10-24,4.939726829528809,36.27923583984375,22.790000915527344,53.18483352661133,31.50074005126953
2018-10-25,5.148553848266602,37.89563751220703,19.270000457763672,53.677433013916016,32.286521911621094
2018-10-26,4.911984920501709,39.07587432861328,17.6299991607666,53.065921783447266,31.66478729248047
2018-10-29,4.598125457763672,38.82785415649414,16.850000381469727,52.80262756347656,31.371213912963867
2018-10-30,5.028656959533691,40.846214294433594,17.200000762939453,53.66045379638672,32.623294830322266
2018-10-31,5.222621440887451,40.09360122680664,18.209999084472656,53.414146423339844,32.899620056152344
2018-11-01,5.402958869934082,41.23961639404297,20.219999313354492,54.110599517822266,33.71995162963867
2018-11-02,5.32393741607666,40.29030990600586,20.229999542236328,53.78784942626953,33.48679733276367
2018-11-05,5.245907783508301,41.02581024169922,19.899999618530273,53.90674591064453,33.22774887084961
2018-11-06,5.228317737579346,40.66434097290039,20.68000030517578,54.04264831542969,33.44362258911133
2018-11-07,5.2959442138671875,41.92947006225586,21.84000015258789,53.685935974121094,33.83219909667969
2018-11-08,5.102724552154541,42.16182327270508,21.200000762939453,49.303401947021484,33.417724609375
2018-11-09,5.0947980880737305,41.40448760986328,21.030000686645508,48.17379379272461,32.87370681762695
2018-11-12,4.695230007171631,40.14798355102539,19.030000686645508,46.279808044433594,32.00156784057617
2018-11-13,4.937249660491943,40.78483963012695,19.610000610351562,45.99951934814453,32.29517364501953
2018-11-14,4.8847336769104,40.52665328979492,20.809999465942383,45.81266784667969,32.675106048583984
2018-11-15,5.013546943664551,41.40448760986328,21.489999771118164,47.044193267822266,33.262298583984375
2018-11-16,4.073213577270508,42.02412796020508,20.65999984741211,47.46037292480469,31.837501525878906
2018-11-19,3.5844674110412598,41.309818267822266,19.110000610351562,46.62802505493164,31.129432678222656
2018-11-20,3.6929666996002197,40.78483963012695,19.209999084472656,46.645023345947266,30.775386810302734
2018-11-21,3.5847151279449463,40.475013732910156,18.729999542236328,46.94227600097656,31.233057022094727
2018-11-23,3.5918989181518555,40.05331802368164,19.3799991607666,46.925289154052734,31.051713943481445
2018-11-26,3.791311025619507,40.836483001708984,20.079999923706055,47.33296585083008,31.81159782409668
2018-11-27,3.8081562519073486,41.37006759643555,21.049999237060547,47.197078704833984,31.777053833007812
2018-11-28,3.9652082920074463,42.049949645996094,21.34000015258789,48.11435317993164,32.8218994140625
2018-11-29,3.901977300643921,41.0516357421875,21.43000030517578,49.354373931884766,32.75282287597656
2018-11-30,4.052492141723633,42.437225341796875,21.299999237060547,49.481754302978516,32.459232330322266
2018-12-03,4.216396808624268,43.142948150634766,23.709999084472656,50.22916793823242,33.44362258911133
2018-12-04,3.8957786560058594,41.094669342041016,21.1200008392334,49.031612396240234,32.3297004699707
2018-12-06,3.9250385761260986,41.628238677978516,21.299999237060547,49.031620025634766,31.828876495361328
2018-12-07,3.6602118015289307,39.79512023925781,19.459999084472656,48.070045471191406,31.535274505615234
2018-12-10,3.765596389770508,40.62992477416992,19.989999771118164,49.14323043823242,31.457561492919922
2018-12-11,3.674593925476074,40.7762336730957,19.979999542236328,49.2376708984375,31.690711975097656
2018-12-12,3.6921989917755127,41.16352081298828,20.479999542236328,49.555328369140625,32.277896881103516
2018-12-13,3.6919503211975098,41.55939865112305,19.860000610351562,49.87299346923828,32.234718322753906
2018-12-14,3.6314475536346436,41.189327239990234,19.899999618530273,49.469486236572266,31.543909072875977
2018-12-17,3.56028151512146,40.51804733276367,18.829999923706055,48.93717956542969,31.276220321655273
2018-12-18,3.6435978412628174,41.086055755615234,19.5,49.606834411621094,31.742515563964844
2018-12-19,3.4345641136169434,39.218509674072266,18.15999984741211,48.671024322509766,31.28485870361328
2018-12-20,3.3500072956085205,39.19268798828125,17.940000534057617,48.39628601074219,30.982629776000977
2018-12-21,3.2128818035125732,38.590248107910156,16.93000030517578,47.09130096435547,30.835844039916992
2018-12-24,3.151139259338379,37.51447296142578,16.649999618530273,46.06105041503906,30.473163604736328
2018-12-26,3.3004143238067627,39.75208282470703,17.899999618530273,48.04429626464844,31.742515563964844
2018-12-27,3.252556800842285,39.89839553833008,17.489999771118164,48.155887603759766,31.75977897644043
2018-12-28,3.3140528202056885,40.234039306640625,17.81999969482422,48.774051666259766,32.07065200805664
2018-12-31,3.3103325366973877,40.388954162597656,18.459999084472656,48.85991287231445,31.872047424316406
2019-01-02,3.3777801990509033,40.51804733276367,18.829999923706055,49.28059768676758,31.535274505615234
2019-01-03,3.173703908920288,38.28904724121094,17.049999237060547,47.82107162475586,29.67009735107422
2019-01-04,3.377035140991211,40.63853454589844,19.0,48.59375762939453,30.196842193603516
2019-01-07,3.5558180809020996,40.82786178588867,20.56999969482422,48.45637512207031,30.421358108520508
2019-01-08,3.467294692993164,41.086055755615234,20.75,48.03571319580078,30.17092514038086
2019-01-09,3.535484790802002,41.31842041015625,20.190000534057617,48.602352142333984,30.74948501586914
2019-01-10,3.601195812225342,41.791770935058594,19.739999771118164,48.765472412109375,31.448917388916016
2019-01-11,3.6904635429382324,42.110198974609375,20.270000457763672,49.366451263427734,31.612998962402344
2019-01-14,3.7303850650787354,41.61103820800781,20.229999542236328,49.19473648071289,30.879018783569336
2019-01-15,3.7162516117095947,41.82619094848633,20.3799991607666,47.84682083129883,31.12079620361328
2019-01-16,3.69071102142334,41.42170333862305,19.729999542236328,47.45188522338867,30.775386810302734
2019-01-17,3.76212477684021,41.714324951171875,20.25,47.02261734008789,31.336681365966797
2019-01-18,3.891315221786499,42.33396530151367,20.770000457763672,47.45188522338867,31.81159782409668
2019-01-22,3.6889758110046387,41.542179107666016,19.760000228881836,46.61051559448242,31.40574836730957
2019-01-23,3.701869249343872,41.25818634033203,19.799999237060547,44.44697570800781,31.509374618530273
2019-01-24,3.913879632949829,42.82450866699219,20.850000381469727,43.622772216796875,32.50239944458008
2019-01-25,3.9711592197418213,40.48362350463867,21.93000030517578,44.043453216552734,32.93415451049805
2019-01-28,3.4221649169921875,40.19961166381836,20.18000030517578,43.47682189941406,32.3297004699707
2019-01-29,3.263219118118286,40.05331802368164,19.25,42.41222381591797,31.371213912963867
2019-01-30,3.4067912101745605,40.91392517089844,23.09000015258789,43.073299407958984,32.277896881103516
2019-01-31,3.564497470855713,40.5524787902832,24.40999984741211,42.5152587890625,32.48513412475586
2019-02-01,3.588797092437744,41.938072204589844,24.510000228881836,42.59251403808594,32.44195556640625
2019-02-04,3.699141263961792,42.35976791381836,24.1299991607666,42.661197662353516,32.761444091796875
2019-02-05,3.7182352542877197,43.039669036865234,23.309999465942383,43.55409622192383,33.02914810180664
2019-02-06,3.7938642501831055,43.21720886230469,23.260000228881836,43.87175369262695,33.452266693115234
2019-02-07,3.6554999351501465,42.636940002441406,22.670000076293945,43.39955520629883,32.91688537597656
2019-02-08,3.6740968227386475,42.29916763305664,23.049999237060547,43.17632293701172,32.63192367553711
2019-02-11,3.6314475536346436,42.23854446411133,22.959999084472656,43.63994598388672,33.06369400024414
2019-02-12,3.7484869956970215,43.31248474121094,22.81999969482422,44.35253143310547,33.36591720581055
2019-02-13,3.7908883094787598,43.710880279541016,22.850000381469727,44.29244613647461,32.9255256652832
2019-02-14,3.8318028450012207,44.005332946777344,23.1299991607666,44.2752685546875,32.865089416503906
2019-02-15,3.9014816284179688,44.74149703979492,23.68000030517578,44.62726974487305,32.8909797668457
2019-02-19,3.8841233253479004,44.516326904296875,23.950000762939453,44.653018951416016,33.210479736328125
2019-02-20,3.9314844608306885,44.50767135620117,23.950000762939453,45.030792236328125,33.676780700683594
2019-02-21,3.8625504970550537,44.524986267089844,23.920000076293945,44.94493865966797,33.65950393676758
2019-02-22,3.947354793548584,45.46035385131836,24.360000610351562,45.606021881103516,34.0135383605957
2019-02-25,3.9349565505981445,45.9886474609375,24.709999084472656,45.49440383911133,34.177616119384766
2019-02-26,3.8955304622650146,46.10123825073242,24.209999084472656,45.52873992919922,34.19487380981445
2019-02-27,3.853624105453491,46.10990524291992,23.479999542236328,45.537330627441406,34.06536102294922
2019-02-28,3.829050302505493,45.867408752441406,23.530000686645508,45.83782958984375,33.71995162963867
2019-03-01,3.883410692214966,46.1618766784668,23.68000030517578,46.53325271606445,34.0135383605957
2019-03-04,3.8916025161743164,46.71615219116211,23.3700008392334,46.172664642333984,33.80630111694336
2019-03-05,3.8851475715637207,46.49098205566406,23.5,46.310020446777344,33.69403839111328
2019-03-06,3.774193048477173,45.85874557495117,22.40999984741211,47.59544372558594,33.49544143676758
2019-03-07,3.704939842224121,45.55561447143555,22.079999923706055,46.92668914794922,33.35728073120117
2019-03-08,3.739194631576538,45.451690673828125,22.010000228881836,46.49242401123047,32.9859733581543
2019-03-11,3.999825954437256,46.205177307128906,22.959999084472656,47.204612731933594,33.36591720581055
2019-03-12,4.034080982208252,46.39571762084961,23.489999771118164,47.63018798828125,33.59042739868164
2019-03-13,4.185494899749756,47.088565826416016,23.3799991607666,48.10788345336914,33.85811233520508
2019-03-14,4.1095404624938965,46.28312301635742,22.81999969482422,48.116573333740234,33.52134323120117
2019-03-15,4.215034484863281,47.05393600463867,23.290000915527344,49.1588020324707,34.23805236816406
2019-03-18,4.193686485290527,46.8547248840332,23.25,49.35857009887695,34.41074752807617
2019-03-19,4.361483097076416,46.91535186767578,26.0,49.48016357421875,34.33304214477539
2019-03-20,4.32896614074707,46.61222839355469,25.700000762939453,49.64518737792969,34.41074752807617
2019-03-21,4.565769195556641,47.322418212890625,27.889999389648438,50.174983978271484,35.438323974609375
2019-03-22,4.405915260314941,46.12723159790039,26.3700008392334,49.34988021850586,34.911590576171875
2019-03-25,4.313576698303223,45.711517333984375,25.969999313354492,49.19354248046875,34.4712028503418
2019-03-26,4.39027738571167,46.28312301635742,25.690000534057617,50.3747444152832,34.88568115234375
2019-03-27,4.381093502044678,46.040611267089844,24.889999389648438,49.42804718017578,34.712982177734375
2019-03-28,4.399710178375244,45.997318267822266,25.059999465942383,49.115379333496094,34.83388137817383
2019-03-29,4.45704984664917,46.508296966552734,25.520000457763672,49.53227233886719,35.3692512512207
2019-04-01,4.524564743041992,47.20982360839844,26.360000610351562,50.2097282409668,35.72328567504883
2019-04-02,4.542435169219971,47.07990264892578,26.75,50.452919006347656,35.63693618774414
2019-04-03,4.681935787200928,48.04991149902344,29.020000457763672,50.09681701660156,36.08595657348633
2019-04-04,4.672999858856201,48.43098831176758,29.09000015258789,50.25315475463867,36.301849365234375
2019-04-05,4.739771842956543,48.15384292602539,28.979999542236328,50.36606216430664,36.465904235839844
2019-04-08,4.760623931884766,48.22313690185547,28.530000686645508,50.166297912597656,36.60406494140625
2019-04-09,4.697823524475098,47.91134262084961,27.239999771118164,49.88837814331055,36.448631286621094
2019-04-10,4.768316745758057,48.283756256103516,27.829999923706055,48.92430114746094,36.58678436279297
2019-04-11,4.7544169425964355,48.32706069946289,27.790000915527344,48.55083084106445,36.3536491394043
2019-04-12,4.716437816619873,48.86404800415039,27.850000381469727,49.462799072265625,36.768131256103516
2019-04-15,4.584632396697998,48.74278259277344,27.329999923706055,49.66255569458008,36.794044494628906
2019-04-16,4.671759128570557,49.11518859863281,27.93000030517578,61.18793487548828,37.13944625854492
2019-04-17,4.648923397064209,50.71743392944336,27.489999771118164,68.68336486816406,38.331085205078125
2019-04-18,4.624348163604736,50.65680694580078,27.68000030517578,69.38687896728516,39.20322036743164
2019-04-22,4.678213119506836,50.942604064941406,28.18000030517578,71.19341278076172,38.98734664916992
2019-04-23,4.732821464538574,50.907962799072266,27.969999313354492,75.31892395019531,39.22049331665039
2019-04-24,4.745232582092285,50.85600662231445,28.459999084472656,75.41446685791016,39.21185302734375
2019-04-25,4.639491558074951,49.8946647644043,27.65999984741211,73.8858642578125,38.40879821777344
2019-04-26,4.420560359954834,45.408382415771484,27.8799991607666,75.24945068359375,37.94249725341797
2019-04-29,4.451340198516846,44.265159606933594,27.690000534057617,75.7792739868164,37.847503662109375
2019-04-30,4.49279260635376,44.20453643798828,27.6299991607666,74.80651092529297,37.838871002197266
2019-05-01,4.479635238647461,43.9620361328125,26.809999465942383,75.01495361328125,37.838871002197266
2019-05-02,4.547152519226074,43.7801628112793,28.290000915527344,75.68372344970703,38.3397102355957
2019-05-03,4.542685031890869,44.8194465637207,28.219999313354492,77.55106353759766,38.60740280151367
2019-05-06,4.464247703552246,44.632110595703125,27.420000076293945,76.64778137207031,37.78706359863281
2019-05-07,4.2969465255737305,43.987281799316406,26.65999984741211,73.99877166748047,37.78706359863281
2019-05-08,4.317052841186523,42.90678024291992,27.09000015258789,73.4255599975586,37.735252380371094
2019-05-09,4.224465847015381,40.623756408691406,27.209999084472656,72.76547241210938,37.3466796875
2019-05-10,4.190460681915283,40.25777053833008,27.959999084472656,74.55461883544922,36.984004974365234
2019-05-13,3.9330549240112305,39.00298309326172,26.239999771118164,72.8609848022461,35.3951530456543
2019-05-14,4.0221662521362305,39.360260009765625,27.31999969482422,74.80651092529297,36.24138641357422
2019-05-15,3.961104154586792,39.75237274169922,27.579999923706055,74.9194107055664,36.24138641357422
2019-05-16,3.9762449264526367,39.67395782470703,28.010000228881836,71.92298126220703,35.86144256591797
2019-05-17,3.8853962421417236,39.11626052856445,27.5,70.78520965576172,34.75615310668945
2019-05-20,3.766746759414673,37.95733642578125,26.68000030517578,66.54678344726562,33.38318634033203
2019-05-21,3.848907470703125,38.741573333740234,27.350000381469727,67.52822875976562,33.93582534790039
2019-05-22,3.77791690826416,38.34073257446289,27.40999984741211,60.197818756103516,33.59042739868164
2019-05-23,3.656785488128662,38.80256652832031,26.360000610351562,59.285865783691406,32.87370681762695
2019-05-24,3.602921962738037,38.837425231933594,26.440000534057617,57.5053825378418,32.9859733581543
2019-05-28,3.5577447414398193,37.96604537963867,29.049999237060547,56.77582931518555,32.51103973388672
2019-05-29,3.483527421951294,38.54115676879883,28.09000015258789,57.114532470703125,32.54558181762695
2019-05-30,3.456937551498413,38.976844787597656,28.030000686645508,57.83542251586914,32.847816467285156
2019-05-31,3.3662335872650146,38.37559127807617,27.40999984741211,58.035186767578125,33.11549377441406
2019-06-03,3.3244850635528564,37.870201110839844,27.579999923706055,57.8962287902832,33.52134323120117
2019-06-04,3.553605794906616,39.02912521362305,29.56999969482422,59.45088195800781,33.728580474853516
2019-06-05,3.5108633041381836,38.81999588012695,29.5,58.740936279296875,33.01187515258789
2019-06-06,3.572988748550415,39.29925537109375,31.81999969482422,59.24052047729492,33.19322204589844
2019-06-07,3.615731716156006,40.10964584350586,32.40999984741211,60.20465850830078,33.52134323120117
2019-06-10,3.6885440349578857,40.78059768676758,33.22999954223633,61.826133728027344,34.2121467590332
2019-06-11,3.7461960315704346,40.82416915893555,32.40999984741211,62.43964767456055,34.5057373046875
2019-06-12,3.633126974105835,40.362342834472656,32.18000030517578,60.99348068237305,34.07398986816406
2019-06-13,3.684318780899048,40.6934700012207,31.389999389648438,61.29147720336914,34.06536102294922
2019-06-14,3.594359874725342,40.249053955078125,30.360000610351562,60.23094177246094,32.675106048583984
2019-06-17,3.6040518283843994,40.19677734375,29.200000762939453,60.57277297973633,32.51967239379883
2019-06-18,3.7991271018981934,41.277286529541016,30.450000762939453,63.07072067260742,33.85811233520508
2019-06-19,3.8050918579101562,41.015872955322266,30.5,62.93046951293945,34.022186279296875
2019-06-20,3.8294453620910645,41.12044143676758,30.010000228881836,63.75434875488281,34.980674743652344
2019-06-21,3.7712948322296143,41.35572052001953,29.100000381469727,63.7368278503418,34.98930740356445
2019-06-24,3.7936599254608154,41.50385284423828,29.260000228881836,64.12246704101562,35.645511627197266
2019-06-25,3.7643373012542725,40.82416915893555,28.860000610351562,63.587825775146484,34.70043182373047
2019-06-26,3.9576728343963623,41.991825103759766,29.920000076293945,65.69132995605469,34.84307861328125
2019-06-27,4.056328296661377,41.35572052001953,30.739999771118164,66.112060546875,35.29779815673828
2019-06-28,4.081179141998291,41.712982177734375,30.3700008392334,66.6729965209961,34.9233283996582
2019-07-01,4.129389762878418,41.86983108520508,31.200000762939453,67.94387817382812,36.89373016357422
2019-07-02,4.031477451324463,41.93082046508789,31.239999771118164,67.49687957763672,36.37660217285156
2019-07-03,4.044401168823242,42.279380798339844,31.190000534057617,67.16381072998047,35.957576751708984
2019-07-05,3.9817774295806885,41.89598083496094,31.5,67.19010925292969,35.60093307495117
2019-07-08,3.9067299365997314,41.669410705566406,32.040000915527344,67.16381072998047,35.057064056396484
2019-07-09,3.909214735031128,41.6084098815918,33.150001525878906,67.09370422363281,35.36912155151367
2019-07-10,3.977553129196167,42.009246826171875,33.790000915527344,65.17423248291016,36.296363830566406
2019-07-11,4.13212251663208,42.34908676147461,33.060001373291016,64.6045150756836,36.46577835083008
2019-07-12,4.165173053741455,43.49930953979492,33.209999084472656,65.64751434326172,36.759986877441406
2019-07-15,4.156723976135254,43.673580169677734,34.38999938964844,66.112060546875,37.28601837158203
2019-07-16,4.152002334594727,42.84577560424805,33.849998474121094,66.32241821289062,37.24144744873047
2019-07-17,4.2173590660095215,43.037479400634766,33.599998474121094,66.40127563476562,37.11662673950195
2019-07-18,4.229039192199707,43.516727447509766,33.0,65.18299865722656,38.50749588012695
2019-07-19,4.1857991218566895,43.80429458618164,32.5099983215332,65.73516845703125,39.078102111816406
2019-07-22,4.257369518280029,44.74538803100586,32.849998474121094,66.56781768798828,39.764625549316406
2019-07-23,4.365218162536621,45.09393310546875,33.4900016784668,64.9638900756836,39.6041374206543
2019-07-24,4.439770221710205,46.11345291137695,34.11000061035156,66.49771118164062,39.71113204956055
2019-07-25,4.308560848236084,45.451210021972656,33.66999816894531,66.04193115234375,38.89087677001953
2019-07-26,4.350558280944824,44.95451736450195,34.02000045776367,65.92799377441406,38.74822235107422
2019-07-29,4.3443450927734375,45.75619125366211,33.47999954223633,65.7088851928711,39.176177978515625
2019-07-30,4.360001087188721,45.05036926269531,33.869998931884766,65.56864166259766,38.43617248535156
2019-07-31,4.192757606506348,44.04827880859375,30.450000762939453,64.12246704101562,38.00820541381836
2019-08-01,4.098325729370117,43.133331298828125,29.860000610351562,62.40456771850586,37.330596923828125
2019-08-02,4.005633354187012,42.41880798339844,29.440000534057617,62.36078643798828,37.13444900512695
2019-08-05,3.747190237045288,40.928741455078125,27.989999771118164,60.30107498168945,35.54743576049805
2019-08-06,3.785956859588623,41.19630813598633,28.860000610351562,59.74888229370117,36.78673553466797
2019-08-07,3.8242270946502686,40.994537353515625,29.190000534057617,60.82695007324219,36.78673553466797
2019-08-08,3.9328227043151855,41.38052749633789,33.91999816894531,62.45718002319336,37.357357025146484
2019-08-09,3.831432819366455,40.33658218383789,34.189998626708984,62.66754150390625,36.920475006103516
2019-08-12,3.763592004776001,40.00322341918945,32.43000030517578,61.17753982543945,36.51926040649414
2019-08-13,3.8779029846191406,41.09103775024414,32.11000061035156,63.2635383605957,37.303855895996094
2019-08-14,3.729297399520874,40.24008560180664,30.239999771118164,62.124107360839844,36.04671859741211
2019-08-15,3.6969921588897705,40.0909538269043,29.670000076293945,62.3695182800293,36.43010330200195
2019-08-16,3.965128183364868,40.792762756347656,31.18000030517578,64.22764587402344,37.036380767822266
2019-08-19,4.243948936462402,41.43316650390625,31.479999542236328,65.6212387084961,37.25035858154297
2019-08-20,4.171634674072266,40.88047790527344,30.719999313354492,66.6729965209961,37.39301681518555
2019-08-21,4.255131244659424,41.36299133300781,31.700000762939453,67.22515869140625,37.963623046875
2019-08-22,4.261344909667969,41.038394927978516,31.899999618530273,67.61959075927734,37.562416076660156
2019-08-23,4.0366973876953125,39.441776275634766,29.540000915527344,64.43798828125,36.51033401489258
2019-08-26,4.111496925354004,39.968135833740234,30.280000686645508,63.90336227416992,36.85807418823242
2019-08-27,4.0207929611206055,40.16990661621094,30.200000762939453,64.83240509033203,36.86698532104492
2019-08-28,4.010345935821533,40.16990661621094,30.780000686645508,65.16546630859375,37.13444900512695
2019-08-29,4.1541218757629395,41.117347717285156,31.450000762939453,67.00605773925781,37.6961555480957
2019-08-30,4.166809558868408,41.5910758972168,31.450000762939453,68.16300201416016,38.00820541381836
2019-09-03,4.083726406097412,41.213844299316406,30.899999618530273,65.84033966064453,37.19686508178711
2019-09-04,4.197902679443359,42.91573715209961,30.950000762939453,67.56700134277344,38.47183609008789
2019-09-05,4.471030235290527,43.9509162902832,31.5,69.23229217529297,39.44365692138672
2019-09-06,4.443915843963623,44.67026138305664,30.559999465942383,69.10081481933594,38.97111892700195
2019-09-09,4.48993444442749,45.25802993774414,30.5,68.54862976074219,39.0959358215332
2019-09-10,4.556600570678711,45.459800720214844,30.229999542236328,68.98686218261719,39.31882095336914
2019-09-11,4.585206508636475,46.31074905395508,29.760000228881836,70.58586883544922,39.42582321166992
2019-09-12,4.583713531494141,46.503746032714844,30.209999084472656,69.86146545410156,39.29207992553711
2019-09-13,4.525755405426025,46.09143829345703,30.690000534057617,69.26956176757812,39.88945007324219
2019-09-16,4.48272180557251,45.793174743652344,30.829999923706055,68.94269561767578,39.764625549316406
2019-09-17,4.504114627838135,45.573848724365234,30.989999771118164,69.51692199707031,40.2371711730957
2019-09-18,4.4770002365112305,45.389625549316406,30.420000076293945,69.70244598388672,40.156925201416016
2019-09-19,4.401381015777588,45.24049377441406,30.290000915527344,69.11055755615234,40.32036209106445
2019-09-20,4.295660495758057,44.49481201171875,30.049999237060547,67.52921295166016,39.39542007446289
2019-09-23,4.349141597747803,44.65272903442383,30.639999389648438,68.2359619140625,39.575016021728516
2019-09-24,4.291680812835693,43.705284118652344,29.520000457763672,66.46027374267578,39.61992645263672
2019-09-25,4.433468341827393,44.75799560546875,29.540000915527344,68.2536392211914,40.41913604736328
2019-09-26,4.411330223083496,44.67026138305664,29.469999313354492,68.3331298828125,41.72124099731445
2019-09-27,4.272527694702148,44.547454833984375,28.719999313354492,67.69705200195312,40.868141174316406
2019-09-30,4.3299880027771,45.20539855957031,28.989999771118164,67.38787078857422,41.73920440673828
2019-10-01,4.328248023986816,44.529903411865234,28.760000228881836,66.67228698730469,42.37678909301758
2019-10-02,4.304368495941162,43.328060150146484,28.309999465942383,65.36482238769531,41.694313049316406
2019-10-03,4.510084629058838,43.88950729370117,28.68000030517578,66.90196990966797,42.32290267944336
2019-10-04,4.526500701904297,44.67026138305664,29.010000228881836,68.45682525634766,42.58333206176758
2019-10-07,4.585206508636475,44.40708923339844,28.93000030517578,67.44086456298828,43.05927658081055
2019-10-08,4.408594131469727,43.62632751464844,28.229999542236328,64.35770416259766,42.97845458984375
2019-10-09,4.495159149169922,44.28427505493164,28.459999084472656,65.682861328125,43.71481704711914
2019-10-10,4.552867889404297,44.83694839477539,28.3799991607666,66.23057556152344,43.939327239990234
2019-10-11,4.626499176025391,45.69667434692383,29.75,67.75889587402344,44.379337310791016
2019-10-14,4.6399312019348145,45.30190658569336,30.530000686645508,67.4055404663086,44.81935501098633
2019-10-15,4.884700775146484,46.18793487548828,30.719999313354492,68.74834442138672,45.25040817260742
2019-10-16,4.83096981048584,46.012481689453125,30.809999465942383,69.11055755615234,45.01691436767578
2019-10-17,4.832961559295654,45.49489212036133,31.139999389648438,69.76427459716797,44.67567825317383
2019-10-18,4.738435745239258,45.0562744140625,30.969999313354492,68.62466430664062,44.25361251831055
2019-10-21,4.875746250152588,45.73175811767578,32.029998779296875,69.77313995361328,44.90018081665039
2019-10-22,4.865795612335205,45.62648010253906,31.510000228881836,69.32256317138672,45.47490692138672
2019-10-23,4.852860450744629,45.37207794189453,31.360000610351562,68.2359619140625,45.052833557128906
2019-10-24,4.896890640258789,45.81949234008789,31.719999313354492,69.7819595336914,45.753292083740234
2019-10-25,5.087929725646973,49.53030776977539,32.709999084472656,70.82439422607422,45.9149284362793
2019-10-28,5.1438984870910645,49.793479919433594,33.689998626708984,73.36866760253906,46.07657241821289
2019-10-29,5.047632217407227,49.42503356933594,33.029998779296875,72.14070129394531,46.22024154663086
2019-10-30,5.04962158203125,49.65312957763672,33.130001068115234,71.94635009765625,46.61536407470703
2019-10-31,5.000370025634766,49.59171676635742,33.93000030517578,71.06291198730469,46.363929748535156
2019-11-01,5.039424419403076,49.57416915893555,34.88999938964844,73.83688354492188,46.78599548339844
2019-11-04,5.236184120178223,50.53915786743164,36.290000915527344,75.17086029052734,48.03421401977539
2019-11-05,5.214045524597168,50.48652648925781,36.150001525878906,75.49774169921875,48.08808898925781
2019-11-06,5.164793014526367,50.80848693847656,35.93000030517578,74.76448059082031,48.16891098022461
2019-11-07,5.182454586029053,51.2054328918457,36.279998779296875,79.49082946777344,48.19584655761719
2019-11-08,5.168524742126465,51.39949035644531,36.290000915527344,83.0687026977539,47.44153594970703
2019-11-11,5.178475379943848,51.47005844116211,36.310001373291016,81.13400268554688,47.23497772216797
2019-11-12,5.214045524597168,51.33775329589844,36.709999084472656,80.36542510986328,46.83089065551758
2019-11-13,5.188176155090332,51.06429672241211,37.52000045776367,79.92369842529297,47.48643493652344
2019-11-14,5.218523025512695,50.99372482299805,38.349998474121094,79.93254089355469,47.127227783203125
2019-11-15,5.079223155975342,51.12603759765625,38.560001373291016,80.22406768798828,47.854610443115234
2019-11-18,5.280462265014648,51.3818473815918,39.880001068115234,79.93254089355469,47.97134780883789
2019-11-19,5.173748970031738,51.47005844116211,41.290000915527344,77.706298828125,48.27667236328125
2019-11-20,5.253100872039795,51.073116302490234,40.97999954223633,75.63910675048828,48.04319381713867
2019-11-21,5.228224754333496,51.35538864135742,39.52000045776367,75.18852233886719,47.576229095458984
2019-11-22,5.245885848999023,50.81730270385742,39.150001525878906,74.99417877197266,47.40561294555664
2019-11-25,5.502596378326416,51.875823974609375,39.790000915527344,75.34754180908203,48.27667236328125
2019-11-26,5.3978729248046875,51.955204010009766,38.9900016784668,74.76448059082031,48.15993118286133
2019-11-27,5.432722091674805,51.611202239990234,39.40999984741211,74.91466522216797,48.393409729003906
2019-11-29,5.395381927490234,51.2054328918457,39.150001525878906,73.81040954589844,47.675010681152344
2019-12-02,5.208930969238281,50.86141586303711,38.72999954223633,72.838623046875,47.576229095458984
2019-12-03,5.169351100921631,49.45888137817383,38.900001525878906,71.18661499023438,47.396629333496094
2019-12-04,5.213162899017334,49.4147834777832,39.689998626708984,73.07398223876953,47.75583267211914
2019-12-05,5.196236610412598,49.46771240234375,39.619998931884766,73.52803039550781,48.851402282714844
2019-12-06,5.281619548797607,50.111637115478516,39.630001068115234,74.62307739257812,49.3363151550293
2019-12-09,5.281619548797607,49.86465072631836,38.93000030517578,75.60238647460938,48.905277252197266
2019-12-10,5.3266777992248535,49.91758346557617,39.439998626708984,74.8901596069336,48.95915985107422
2019-12-11,5.410318374633789,50.34098815917969,39.470001220703125,77.44526672363281,50.19840621948242
2019-12-12,5.577851295471191,50.76438522338867,42.59000015258789,79.27924346923828,52.631996154785156
2019-12-13,5.575859069824219,50.97608947753906,41.150001525878906,78.1930923461914,52.3087158203125
2019-12-16,5.604735851287842,50.89670181274414,42.349998474121094,78.72727966308594,52.56913375854492
2019-12-17,5.682901859283447,50.543861389160156,42.77000045776367,78.62933349609375,53.18874740600586
2019-12-18,5.713271141052246,50.42919158935547,42.29999923706055,78.3266372680664,53.07201385498047
2019-12-19,5.861385345458984,51.12603759765625,42.83000183105469,78.7806625366211,52.411895751953125
2019-12-20,5.958719253540039,51.99931335449219,44.150001525878906,79.1011734008789,52.3847541809082
2019-12-23,5.945026874542236,52.24629592895508,45.459999084472656,78.74504852294922,52.64700698852539
2019-12-24,5.940047264099121,52.40507888793945,46.540000915527344,79.02996063232422,52.23102569580078
2019-12-26,5.954237461090088,52.7667350769043,46.630001068115234,78.70054626464844,52.67414093017578
2019-12-27,5.896486282348633,52.9960823059082,46.18000030517578,79.05667877197266,52.86402893066406
2019-12-30,5.783221244812012,52.59031677246094,45.52000045776367,78.72727966308594,52.312416076660156
2019-12-31,5.857402801513672,52.7932014465332,45.86000061035156,78.5492172241211,52.53848648071289
2020-01-02,5.972161293029785,53.66646194458008,49.099998474121094,78.95873260498047,54.292789459228516
2020-01-03,5.876571178436279,53.013710021972656,48.599998474121094,77.47196197509766,52.502315521240234
2020-01-06,5.901215076446533,52.863765716552734,48.38999938964844,77.01792907714844,51.896453857421875
2020-01-07,5.972660064697266,51.981666564941406,48.25,79.20800018310547,52.737430572509766
2020-01-08,5.983861923217773,52.0169563293457,47.83000183105469,78.97653198242188,53.12626647949219
2020-01-09,6.049579620361328,52.30803680419922,48.970001220703125,80.04487609863281,53.5603141784668
2020-01-10,6.081941604614258,51.99049377441406,48.16999816894531,80.35646057128906,53.22574234008789
2020-01-13,6.272624492645264,52.5638542175293,48.75,80.98857116699219,54.31087112426758
2020-01-14,6.155625820159912,52.42271423339844,48.209999084472656,80.62354278564453,54.54597854614258
2020-01-15,6.113056182861328,51.99049377441406,48.54999923706055,79.83122253417969,52.80072784423828
2020-01-16,6.19669771194458,52.62559509277344,49.77000045776367,81.71859741210938,53.12626647949219
2020-01-17,6.205411911010742,52.57267379760742,50.93000030517578,85.38654327392578,52.9725456237793
2020-01-21,6.172054767608643,53.41066360473633,51.04999923706055,84.16685485839844,52.66508865356445
2020-01-22,6.226073265075684,55.333621978759766,51.43000030517578,82.76912689208984,52.76455307006836
2020-01-23,6.294530391693115,55.85405731201172,51.709999084472656,81.90555572509766,51.977840423583984
2020-01-24,6.235283851623535,60.39683151245117,50.349998474121094,79.81339263916016,52.20390319824219
2020-01-27,5.9793806076049805,57.94461441040039,49.2599983215332,77.49867248535156,49.970340728759766
2020-01-28,6.172802448272705,59.373600006103516,50.529998779296875,79.36825561523438,51.62516403198242
2020-01-29,6.112311363220215,58.509151458740234,47.5099983215332,78.5492172241211,51.71559143066406
2020-01-30,6.119032859802246,58.63264465332031,48.779998779296875,78.1485824584961,50.458648681640625
2020-01-31,5.885532379150391,56.39214324951172,47.0,75.94956970214844,48.77669143676758
2020-02-03,5.982616901397705,56.82435989379883,48.02000045776367,76.99121856689453,49.52724838256836
2020-02-04,6.151891231536865,57.741729736328125,49.45000076293945,79.17240905761719,52.014007568359375
2020-02-05,6.242255210876465,59.400062561035156,49.84000015258789,80.9351577758789,52.3757209777832
2020-02-06,6.329131603240967,59.470970153808594,49.31999969482422,80.66806030273438,52.466148376464844
2020-02-07,6.26291561126709,58.52248764038086,49.72999954223633,77.82807922363281,50.82035827636719
2020-02-10,6.546201705932617,58.85047149658203,52.2599983215332,78.87858581542969,51.56187438964844
2020-02-11,6.668676376342773,59.754638671875,53.79999923706055,80.12498474121094,53.044883728027344
2020-02-12,6.784430503845215,59.79895782470703,53.88999938964844,81.65626525878906,53.922027587890625
2020-02-13,6.74061918258667,59.7812385559082,54.529998779296875,80.1517105102539,53.650753021240234
2020-02-14,7.213841915130615,59.63053894042969,55.310001373291016,79.76887512207031,52.619876861572266
2020-02-18,7.382617950439453,58.628875732421875,56.88999938964844,78.37113189697266,50.802276611328125
2020-02-19,7.833934783935547,59.48871612548828,58.900001525878906,80.62354278564453,52.12252426147461
2020-02-20,7.684574127197266,58.01721954345703,57.27000045776367,79.65313720703125,51.07356262207031
2020-02-21,7.320384502410889,57.033267974853516,53.279998779296875,77.4808578491211,50.26875686645508
2020-02-24,6.802852153778076,54.746273040771484,49.119998931884766,74.17793273925781,48.93946838378906
2020-02-25,6.523298263549805,52.94681167602539,47.56999969482422,71.41807556152344,48.704349517822266
2020-02-26,6.6627020835876465,52.87589645385742,47.4900016784668,70.91954803466797,49.762351989746094
2020-02-27,6.2918195724487305,49.489715576171875,44.0099983215332,67.6076889038086,48.18891906738281
2020-02-28,6.726966381072998,49.21491622924805,45.47999954223633,69.70872497558594,48.6862678527832
2020-03-02,6.885382175445557,51.572837829589844,47.459999084472656,71.72077178955078,50.62141799926758
2020-03-03,6.6228508949279785,49.61381530761719,46.75,69.9402084350586,49.626708984375
2020-03-04,7.086640357971191,52.016056060791016,50.11000061035156,73.40403747558594,51.61613082885742
2020-03-05,6.807170867919922,50.49138641357422,48.11000061035156,71.04395294189453,50.39535140991211
2020-03-06,6.626585006713867,49.4365234375,48.59000015258789,69.51846313476562,49.79853057861328
2020-03-09,6.113476753234863,45.075260162353516,43.27000045776367,65.18421936035156,46.868675231933594
2020-03-10,6.5030412673950195,47.84980392456055,45.380001068115234,70.79270935058594,49.29213333129883
2020-03-11,6.139131546020508,45.79328155517578,45.70000076293945,66.96098327636719,47.23942184448242
2020-03-12,5.387899398803711,40.36829376220703,39.0099983215332,60.14103698730469,44.029239654541016
2020-03-13,5.998899459838867,48.24870681762695,43.900001525878906,68.0288314819336,47.23038101196289
2020-03-16,4.8919758796691895,39.54390335083008,38.709999084472656,57.86176300048828,40.602027893066406
2020-03-17,5.411810398101807,44.39270782470703,41.880001068115234,61.792205810546875,43.89360046386719
2020-03-18,5.051887512207031,42.203216552734375,39.119998931884766,54.9094352722168,40.12277603149414
2020-03-19,5.30470609664917,40.72285842895508,39.81999969482422,58.32837677001953,40.065250396728516
2020-03-20,5.124868392944336,40.62535095214844,39.61000061035156,54.65817642211914,40.64948272705078
2020-03-23,5.297730922698975,43.949493408203125,41.63999938964844,56.111907958984375,41.31587219238281
2020-03-24,6.2066330909729,46.44923782348633,46.220001220703125,58.74116516113281,44.61127853393555
2020-03-25,6.117959499359131,45.4387092590332,44.630001068115234,56.60545349121094,44.729949951171875
2020-03-26,6.407392978668213,49.232643127441406,47.5,61.899871826171875,45.52413558959961
2020-03-27,6.29505729675293,46.422645568847656,46.58000183105469,59.755184173583984,42.822086334228516
2020-03-30,6.615376949310303,49.18832778930664,47.86000061035156,61.94474411010742,43.65277862548828
2020-03-31,6.565809726715088,47.973899841308594,45.47999954223633,60.70637130737305,43.62539291381836
2020-04-01,6.054443359375,45.9882926940918,43.65999984741211,59.1359977722168,42.45693588256836
2020-04-02,6.363306045532227,48.17778778076172,44.4900016784668,61.03840637207031,43.935760498046875
2020-04-03,6.075366497039795,47.9827766418457,42.59000015258789,58.53477478027344,42.959007263183594
2020-04-06,6.685369491577148,51.7944450378418,47.52000045776367,63.66767501831055,45.61542510986328
2020-04-07,6.451979637145996,51.76785659790039,47.560001373291016,65.26496124267578,45.38720703125
2020-04-08,6.649252891540527,52.281986236572266,48.790000915527344,65.80337524414062,45.88926696777344
2020-04-09,6.549618721008301,50.650943756103516,48.380001068115234,64.2330093383789,44.11833190917969
2020-04-13,6.721487045288086,52.03378677368164,50.939998626708984,65.77645874023438,44.501739501953125
2020-04-14,7.07269287109375,53.77119827270508,54.93000030517578,69.59025573730469,46.21791076660156
2020-04-15,6.995227813720703,52.184478759765625,54.9900016784668,68.19036102294922,45.332435607910156
2020-04-16,7.340454578399658,53.88642883300781,56.95000076293945,68.96209716796875,47.83366394042969
2020-04-17,7.281174182891846,53.505271911621094,56.599998474121094,68.35189819335938,49.0112419128418
2020-04-20,7.149908542633057,52.45928192138672,56.970001220703125,66.68280792236328,48.007102966308594
2020-04-21,6.713017463684082,49.95952606201172,52.91999816894531,64.4663314819336,46.893409729003906
2020-04-22,7.127490997314453,53.2747917175293,55.91999816894531,67.01483154296875,48.33574295043945
2020-04-23,7.0741868019104,52.335174560546875,55.900001525878906,66.23412322998047,48.0527458190918
2020-04-24,7.213173866271973,52.53017807006836,56.18000030517578,68.2352294921875,48.1348991394043
2020-04-27,7.3997368812561035,52.716339111328125,56.4900016784668,68.18138885498047,48.846927642822266
2020-04-28,7.257261276245117,52.07810592651367,55.5099983215332,67.5622329711914,48.16229248046875
2020-04-29,7.43411111831665,54.78173828125,53.65999984741211,70.864501953125,49.732391357421875
2020-04-30,7.280177593231201,53.168418884277344,52.38999938964844,70.59528350830078,48.50004577636719
2020-05-01,7.043549537658691,50.943477630615234,49.880001068115234,67.87628936767578,46.64695739746094
2020-05-04,7.255519390106201,51.4044189453125,52.560001373291016,67.91219329833984,47.605445861816406
2020-05-05,7.316544055938721,52.07810592651367,52.189998626708984,69.66204071044922,47.20378494262695
2020-05-06,7.417422294616699,52.755611419677734,52.15999984741211,70.77476501464844,47.587188720703125
2020-05-07,7.593771457672119,52.746681213378906,51.95000076293945,70.73887634277344,47.76976776123047
2020-05-08,7.783822536468506,53.192413330078125,53.189998626708984,72.29129791259766,48.29921340942383
2020-05-11,8.03589153289795,53.602474212646484,55.7400016784668,72.21953582763672,47.83366394042969
2020-05-12,7.773857116699219,52.051361083984375,53.7599983215332,70.3709487915039,46.64695739746094
2020-05-13,7.751441955566406,51.471923828125,52.18000030517578,69.99406433105469,46.482635498046875
2020-05-14,8.001023292541504,52.66646194458008,54.5099983215332,71.67211151123047,47.5598030090332
2020-05-15,8.45958137512207,51.95330047607422,54.20000076293945,67.9929428100586,45.46023178100586
2020-05-18,8.71812915802002,53.415260314941406,54.59000015258789,71.73493957519531,47.349849700927734
2020-05-19,8.773178100585938,53.74510192871094,55.470001220703125,70.0748291015625,46.38221740722656
2020-05-20,8.937074661254883,56.25006103515625,56.38999938964844,72.35411834716797,47.322452545166016
2020-05-21,8.743038177490234,55.25163650512695,54.650001525878906,69.99406433105469,46.32744216918945
2020-05-22,8.993117332458496,55.50124740600586,55.16999816894531,70.62220001220703,45.46023178100586
2020-05-26,8.685749053955078,55.57255935668945,53.189998626708984,70.01200103759766,46.391357421875
2020-05-27,8.493955612182617,56.66012954711914,52.7400016784668,71.15165710449219,47.231178283691406
2020-05-28,8.45584774017334,55.002037048339844,51.7400016784668,70.09275817871094,45.898406982421875
2020-05-29,8.842920303344727,56.098514556884766,53.79999923706055,72.57845306396484,45.944053649902344
2020-06-01,8.773924827575684,55.14467239379883,53.630001068115234,71.5464859008789,46.58304214477539
2020-06-02,8.792855262756348,55.37644577026367,53.540000915527344,75.94355010986328,47.4776496887207
2020-06-03,8.737309455871582,55.20706558227539,52.72999954223633,76.06112670898438,48.43614959716797
2020-06-04,8.738306045532227,56.13417053222656,52.630001068115234,77.8064193725586,49.54983139038086
2020-06-05,8.891314506530762,57.35543441772461,53.099998474121094,80.07621765136719,50.3896484375
2020-06-08,8.776681900024414,56.758174896240234,52.970001220703125,82.6263656616211,50.7274169921875
2020-06-09,9.01690673828125,56.19657897949219,56.38999938964844,81.1613998413086,51.676780700683594
2020-06-10,9.336626052856445,56.93647003173828,57.439998626708984,82.30082702636719,52.53485870361328
2020-06-11,8.767959594726562,53.21915817260742,52.83000183105469,75.979736328125,50.24359893798828
2020-06-12,8.90377140045166,52.88932418823242,53.5,77.08296966552734,51.11994552612305
2020-06-15,9.144247055053711,53.57572937011719,54.68000030517578,78.1229248046875,51.13819885253906
2020-06-16,9.039336204528809,53.843162536621094,54.459999084472656,80.95339965820312,50.93737030029297
2020-06-17,9.206297874450684,53.92340087890625,54.54999923706055,81.33321380615234,51.667659759521484
2020-06-18,9.1883544921875,53.55790710449219,54.040000915527344,81.31513214111328,51.640071868896484
2020-06-19,9.231464385986328,53.1478385925293,54.22999954223633,80.31135559082031,50.86753463745117
2020-06-22,9.496110916137695,53.56681823730469,54.7599983215332,80.60072326660156,51.502113342285156
2020-06-23,9.41960620880127,53.415260314941406,53.9900016784668,80.79966735839844,52.20106887817383
2020-06-24,9.205799102783203,52.675376892089844,52.38999938964844,80.60977172851562,52.03553771972656
2020-06-25,9.459477424621582,52.158329010009766,51.93000030517578,80.4469985961914,52.45857620239258
2020-06-26,9.125555992126465,51.257972717285156,50.099998474121094,79.59693908691406,51.80561065673828
2020-06-29,9.170411109924316,51.94438934326172,50.279998779296875,80.49221801757812,51.860782623291016
2020-06-30,9.467205047607422,53.33504104614258,52.61000061035156,82.48167419433594,52.210269927978516
2020-07-01,9.499350547790527,52.4257698059082,52.58000183105469,81.18852996826172,52.25625991821289
2020-07-02,9.581336975097656,52.711036682128906,52.34000015258789,83.07852172851562,53.91168212890625
2020-07-06,9.807604789733887,53.07652282714844,53.400001525878906,84.02803802490234,56.90983581542969
2020-07-07,9.840001106262207,51.98004913330078,52.93000030517578,83.32269287109375,55.83380889892578
2020-07-08,10.183144569396973,52.24748229980469,53.43000030517578,84.57965850830078,57.56281661987305
2020-07-09,10.475201606750488,52.078102111816406,57.2599983215332,84.32645416259766,59.57691955566406
2020-07-10,10.445549011230469,53.06760787963867,55.880001068115234,83.65727233886719,58.72160339355469
2020-07-13,10.019920349121094,52.22072982788086,53.59000015258789,82.59020233154297,59.8436164855957
2020-07-14,10.343626022338867,52.57731628417969,54.720001220703125,83.53971862792969,61.58180236816406
2020-07-15,10.194356918334961,52.62188720703125,55.34000015258789,83.69345092773438,60.75410461425781
2020-07-16,10.102156639099121,52.719947814941406,54.91999816894531,82.47262573242188,61.24152755737305
2020-07-17,10.168691635131836,53.48659133911133,55.040000915527344,83.40406799316406,61.06678771972656
2020-07-20,10.476945877075195,54.511749267578125,57.459999084472656,84.25410461425781,61.51744079589844
2020-07-21,10.295282363891602,54.110595703125,57.0,83.47640991210938,62.3635368347168
2020-07-22,10.405177116394043,54.422603607177734,61.790000915527344,83.73867797851562,63.02570343017578
2020-07-23,10.097172737121582,53.843162536621094,59.56999969482422,81.08905792236328,61.95890426635742
2020-07-24,10.161713600158691,45.09811019897461,69.4000015258789,80.38369750976562,67.96440887451172
2020-07-27,10.387984275817871,44.18883514404297,68.97000122070312,83.82908630371094,76.56341552734375
2020-07-28,10.182644844055176,43.8946647644043,67.61000061035156,82.6987075805664,70.7418212890625
2020-07-29,10.431842803955078,42.85166549682617,76.08999633789062,84.12752532958984,76.02997589111328
2020-07-30,10.579863548278809,42.780357360839844,78.19999694824219,96.93247985839844,73.51007080078125
2020-07-31,10.580613136291504,42.548580169677734,77.43000030517578,95.5036849975586,72.55360412597656
2020-08-03,10.974841117858887,43.056705474853516,77.66999816894531,99.10282135009766,72.60877990722656
2020-08-04,11.19163990020752,43.79660415649414,85.04000091552734,100.33265686035156,73.74918365478516
2020-08-05,11.250450134277344,43.60940170288086,85.30999755859375,100.73055267333984,75.07353210449219
2020-08-06,11.299043655395508,43.59144973754883,86.70999908447266,100.43212890625,74.05266571044922
2020-08-07,11.163482666015625,43.10679244995117,84.8499984741211,97.89102935791016,73.60203552246094
2020-08-10,11.129093170166016,44.1748161315918,82.23999786376953,96.1819076538086,73.45490264892578
2020-08-11,10.815106391906738,43.25039291381836,76.87999725341797,98.41554260253906,71.67989349365234
2020-08-12,11.403458595275879,44.14789962768555,82.61000061035156,104.70950317382812,73.01344299316406
2020-08-13,11.406198501586914,43.58247756958008,81.83999633789062,102.5572738647461,72.010986328125
2020-08-14,11.526809692382812,43.87864303588867,81.30000305175781,102.85567474365234,72.11217498779297
2020-08-17,12.297322273254395,43.91455078125,82.41999816894531,101.44496154785156,73.74918365478516
2020-08-18,12.221318244934082,43.66324996948242,81.66000366210938,101.309326171875,73.0318374633789
2020-08-19,12.099464416503906,43.37604522705078,81.08999633789062,100.41404724121094,72.23171997070312
2020-08-20,12.101951599121094,44.12994384765625,82.7699966430664,100.07042694091797,70.64067840576172
2020-08-21,12.642708778381348,44.228668212890625,83.80999755859375,102.1865005493164,72.04776000976562
2020-08-24,12.679342269897461,44.10302734375,83.08000183105469,104.81803131103516,72.56278991699219
2020-08-25,12.708992958068848,44.36328887939453,86.3499984741211,104.85417938232422,73.61124420166016
2020-08-26,12.731921195983887,44.47098922729492,86.0199966430664,104.9355697631836,75.18388366699219
2020-08-27,12.58763599395752,44.33637237548828,83.80000305175781,104.91748809814453,74.12625122070312
2020-08-28,13.105464935302734,45.26078796386719,85.55000305175781,106.88887023925781,73.97911834716797
2020-08-31,13.331485748291016,45.72749710083008,90.81999969482422,107.70275115966797,72.88468933105469
2020-09-01,13.780672073364258,45.58388900756836,92.18000030517578,110.33428192138672,74.99995422363281
2020-09-02,14.30463981628418,46.89423370361328,90.22000122070312,111.98892211914062,75.57014465332031
2020-09-03,12.977522850036621,45.224884033203125,82.54000091552734,105.85216522216797,74.65966796875
2020-09-04,12.585670471191406,44.946678161621094,82.01000213623047,105.43395233154297,72.57200622558594
2020-09-08,11.878241539001465,43.8965950012207,78.69000244140625,99.79724884033203,71.10971069335938
2020-09-09,12.677898406982422,44.53382110595703,81.91000366210938,103.66112518310547,73.02265167236328
2020-09-10,12.27582836151123,43.94146728515625,78.9800033569336,102.22467041015625,72.56278991699219
2020-09-11,12.129003524780273,44.228668212890625,76.33999633789062,103.11563873291016,72.48921203613281
2020-09-14,12.834689140319824,44.34534454345703,77.9000015258789,103.1520004272461,74.03427124023438
2020-09-15,12.953094482421875,44.8748664855957,78.93000030517578,105.9885482788086,78.95458221435547
2020-09-16,12.477985382080078,45.20694351196289,76.66000366210938,104.15205383300781,76.45304870605469
2020-09-17,12.427132606506348,45.16206359863281,76.55000305175781,104.44298553466797,75.71996307373047
2020-09-18,12.153684616088867,44.77613830566406,74.93000030517578,100.63365173339844,74.16694641113281
2020-09-21,12.480725288391113,44.62356185913086,77.94000244140625,101.75191497802734,74.4997329711914
2020-09-22,12.600872993469238,44.829986572265625,77.69999694824219,103.47930145263672,74.3980484008789
2020-09-23,12.088373184204102,43.81582260131836,74.7300033569336,100.5245590209961,72.03150939941406
2020-09-24,12.311968803405762,44.12096405029297,75.81999969482422,101.99739074707031,72.45673370361328
2020-09-25,12.836187362670898,44.82101821899414,78.05999755859375,104.09751892089844,72.91895294189453
2020-09-28,12.996966361999512,46.158294677734375,79.4800033569336,107.70682525634766,73.74169158935547
2020-09-29,13.187159538269043,45.9428825378418,81.7699966430664,106.71586608886719,74.42578125
2020-09-30,13.491019248962402,46.472408294677734,81.98999786376953,106.9886245727539,74.94345092773438
2020-10-01,13.574775695800781,46.8852653503418,84.86000061035156,108.66143035888672,76.37632751464844
2020-10-02,13.024134635925293,45.78133773803711,81.80000305175781,104.97940826416016,74.6938705444336
2020-10-05,13.602692604064941,46.391639709472656,86.1500015258789,109.57058715820312,78.15121459960938
2020-10-06,13.696419715881348,46.104434967041016,84.4800033569336,108.67962646484375,76.83853149414062
2020-10-07,13.92325210571289,47.27117919921875,86.69000244140625,111.8525619506836,80.3513412475586
2020-10-08,13.798371315002441,47.8994255065918,86.51000213623047,111.2252426147461,81.16484832763672
2020-10-09,13.722591400146484,47.40581130981445,83.0999984741211,113.52539825439453,82.07081604003906
2020-10-12,14.184489250183105,48.35715103149414,84.29000091552734,115.18003845214844,84.03984069824219
2020-10-13,14.20667552947998,48.312286376953125,85.27999877929688,115.88008117675781,82.86581420898438
2020-10-14,14.054121971130371,48.06099319458008,84.20999908447266,118.08021545410156,81.90441131591797
2020-10-15,13.92923641204834,48.33022689819336,83.12999725341797,116.89832305908203,81.48841094970703
2020-10-16,13.771200180053711,48.608455657958984,83.16999816894531,117.30744171142578,80.14798736572266
2020-10-19,13.458367347717285,48.98540115356445,82.0,116.75287628173828,80.94300079345703
2020-10-20,13.605685234069824,47.953277587890625,81.55999755859375,116.64376831054688,81.5901107788086
2020-10-21,13.485284805297852,48.016109466552734,79.19999694824219,116.87105560302734,81.01695251464844
2020-10-22,13.322013854980469,48.37510299682617,79.41999816894531,116.71651458740234,81.54386901855469
2020-10-23,13.550597190856934,43.259376525878906,81.95999908447266,117.17107391357422,81.63631439208984
2020-10-26,13.1029052734375,41.93107604980469,82.2300033569336,114.73455047607422,80.17572021484375
2020-10-27,13.357660293579102,40.96178436279297,78.87999725341797,114.47091674804688,80.15723419189453
2020-10-28,12.590155601501465,39.71426010131836,76.4000015258789,110.5343017578125,77.51338195800781
2020-10-29,12.985997200012207,39.58860778808594,78.0199966430664,114.95277404785156,78.47477722167969
2020-10-30,12.497427940368652,39.74117660522461,75.29000091552734,112.15258026123047,77.5318603515625
2020-11-02,12.54404067993164,39.90273666381836,74.69999694824219,112.70716094970703,79.2328109741211
2020-11-03,12.981510162353516,40.25275421142578,76.58000183105469,114.05269622802734,81.06318664550781
2020-11-04,13.753998756408691,41.015628814697266,81.3499984741211,117.25289916992188,82.69019317626953
2020-11-05,14.118683815002441,41.29587173461914,83.0,132.19927978515625,83.59611511230469
2020-11-06,14.519510269165039,41.03370666503906,85.87999725341797,131.8356170654297,84.50204467773438
2020-11-09,13.59097671508789,41.22355651855469,83.12000274658203,129.65371704101562,82.30188751220703
2020-11-10,12.732739448547363,41.07890701293945,77.98999786376953,127.3808364868164,81.03544616699219
2020-11-11,13.3788480758667,41.90156936645508,81.27999877929688,134.2721710205078,84.01210021972656
2020-11-12,13.417485237121582,40.63593292236328,81.83999633789062,130.83558654785156,83.0322036743164
2020-11-13,13.258200645446777,41.09699249267578,81.43000030517578,131.1537628173828,86.17529296875
2020-11-16,13.475813865661621,41.75692367553711,83.7300033569336,135.52676391601562,91.76805877685547
2020-11-17,13.383086204528809,41.160274505615234,83.36000061035156,135.2267608642578,88.47709655761719
2020-11-18,13.389567375183105,40.735382080078125,82.54000091552734,133.6903076171875,89.60489654541016
2020-11-19,13.401032447814941,41.24162673950195,85.54000091552734,134.12667846679688,89.30908203125
2020-11-20,13.049560546875,41.03370666503906,84.63999938964844,132.76296997070312,88.12580871582031
2020-11-23,13.10165786743164,41.639408111572266,85.30999755859375,130.75376892089844,90.71421813964844
2020-11-24,12.919942855834961,42.49822235107422,85.06999969482422,132.6720428466797,89.33682250976562
2020-11-25,13.196131706237793,42.534393310546875,86.70999908447266,130.9901123046875,90.12258911132812
2020-11-27,13.222555160522461,42.89600372314453,87.19000244140625,130.76287841796875,91.27812957763672
2020-11-30,13.362395286560059,43.709625244140625,92.66000366210938,133.79942321777344,89.6880874633789
2020-12-01,13.350930213928223,44.80349349975586,92.62999725341797,137.517822265625,93.23789978027344
2020-12-02,13.504979133605957,45.11086654663086,93.73999786376953,136.94256591796875,92.01766204833984
2020-12-03,13.360856056213379,46.09623718261719,92.30999755859375,136.87867736816406,91.98069763183594
2020-12-04,13.522682189941406,47.00027847290039,94.04000091552734,143.91848754882812,95.89102935791016
2020-12-07,13.571054458618164,45.38207244873047,94.06999969482422,144.28372192382812,98.3499984741211
2020-12-08,13.314980506896973,45.82503890991211,92.91999816894531,144.99588012695312,97.65667724609375
2020-12-09,12.896827697753906,45.26454162597656,89.83000183105469,142.45753479003906,96.52887725830078
2020-12-10,12.938220977783203,45.436309814453125,91.66000366210938,142.21102905273438,96.35321807861328
2020-12-11,12.97911262512207,44.95718002319336,91.6500015258789,131.7380828857422,96.16835021972656
2020-12-14,13.273837089538574,45.626155853271484,94.77999877929688,133.57333374023438,95.7338638305664
2020-12-15,13.32545280456543,45.80696105957031,97.12000274658203,135.4634246826172,97.14823150634766
2020-12-16,13.207761764526367,46.21377182006836,96.8499984741211,136.7234649658203,97.24991607666016
2020-12-17,13.306252479553223,45.788883209228516,96.83999633789062,136.53172302246094,96.45342254638672
2020-12-18,13.23718547821045,42.90504455566406,95.91999816894531,134.6051025390625,96.80618286132812
2020-12-21,13.297274589538574,41.910614013671875,93.2300033569336,134.03904724121094,97.31675720214844
2020-12-22,13.243415832519531,41.73884963989258,93.16000366210938,133.61898803710938,96.49057006835938
2020-12-23,12.975122451782227,42.100460052490234,91.55000305175781,134.1851043701172,96.32343292236328
2020-12-24,12.959661483764648,42.55247497558594,91.80999755859375,135.85601806640625,98.37506103515625
2020-12-28,12.86616039276123,42.55247497558594,91.5999984741211,134.89730834960938,98.54216766357422
2020-12-29,12.909296035766602,44.649810791015625,90.62000274658203,135.5821075439453,97.99445343017578
2020-12-30,13.11126708984375,44.071231842041016,92.29000091552734,136.91517639160156,101.0950698852539
2020-12-31,13.020752906799316,45.038536071777344,91.70999908447266,139.0974578857422,101.22502899169922
2021-01-04,13.079099655151367,44.90293884277344,92.30000305175781,135.5912628173828,103.69438171386719
2021-01-05,13.369585990905762,45.752723693847656,92.7699966430664,139.17958068847656,104.68770599365234
2021-01-06,12.58140754699707,46.19569396972656,90.33000183105469,138.04742431640625,107.32414245605469
2021-01-07,13.30899429321289,47.18107604980469,95.16000366210938,142.16539001464844,112.72704315185547
2021-01-08,13.241921424865723,46.69290542602539,94.58000183105469,143.02365112304688,110.18341827392578
2021-01-11,13.585765838623047,46.59347152709961,97.25,142.53973388671875,113.81318664550781
2021-01-12,13.44937515258789,48.130306243896484,95.36000061035156,141.02401733398438,114.18450927734375
2021-01-13,13.496252059936523,51.4842414855957,91.77999877929688,143.73583984375,110.6847152709961
2021-01-14,13.165620803833008,53.56349182128906,90.79000091552734,146.86767578125,117.38726043701172
2021-01-15,12.825765609741211,52.05377960205078,88.20999908447266,143.4345245361328,116.25468444824219
2021-01-19,12.991081237792969,52.4244270324707,89.44999694824219,149.5338134765625,121.88965606689453
2021-01-20,13.330689430236816,53.03916549682617,88.75,150.2917022705078,121.27693939208984
2021-01-21,13.831121444702148,56.46541976928711,91.52999877929688,150.42868041992188,124.54468536376953
2021-01-22,13.676527976989746,51.22206497192383,92.79000091552734,148.30123901367188,119.88445281982422
2021-01-25,13.61743450164795,50.11915969848633,94.12999725341797,150.10906982421875,121.16553497314453
2021-01-26,13.400006294250488,49.911231994628906,94.70999908447266,148.41990661621094,117.57292175292969
2021-01-27,12.883865356445312,48.44671630859375,88.83999633789062,140.3118438720703,113.01481628417969
2021-01-28,13.016763687133789,50.688697814941406,87.5199966430664,142.02838134765625,116.81169128417969
2021-01-29,12.95567512512207,50.182437896728516,85.63999938964844,142.6949462890625,112.8105697631836
2021-02-01,13.202277183532715,51.24919509887695,87.66000366210938,147.53421020507812,117.58219146728516
2021-02-02,13.521185874938965,52.4334602355957,88.86000061035156,150.4560546875,119.23463439941406
2021-02-03,13.495006561279297,52.144187927246094,87.88999938964844,148.19163513183594,118.36199951171875
2021-02-04,13.628406524658203,53.47024154663086,87.83999633789062,135.1073455810547,118.96540069580078
2021-02-05,13.55534839630127,52.91544723510742,87.9000015258789,133.16244506835938,118.62191772460938
2021-02-08,14.400874137878418,53.8067626953125,91.47000122070312,134.568603515625,123.05005645751953
2021-02-09,14.225833892822266,53.46114730834961,90.91000366210938,133.4089813232422,123.17072296142578
2021-02-10,14.725520133972168,53.53391647338867,92.3499984741211,132.8520050048828,124.10836791992188
2021-02-11,15.21074390411377,55.17103576660156,92.66000366210938,132.90679931640625,129.1863250732422
2021-02-12,14.922001838684082,56.216983795166016,93.7699966430664,135.11643981933594,128.16513061523438
2021-02-16,15.290033340454102,56.817256927490234,91.45999908447266,134.3677215576172,130.0125274658203
2021-02-17,14.866896629333496,56.253360748291016,89.94000244140625,132.16717529296875,126.50345611572266
2021-02-18,14.790101051330566,56.03507995605469,88.63999938964844,131.40025329589844,124.9809799194336
2021-02-19,14.88734245300293,57.308387756347656,89.58000183105469,132.34072875976562,126.86548614501953
2021-02-22,14.318090438842773,55.216514587402344,85.37000274658203,127.33707427978516,123.99697875976562
2021-02-23,14.104903221130371,55.589412689208984,84.73999786376953,125.20047760009766,119.84732055664062
2021-02-24,14.460966110229492,57.47210693359375,86.94000244140625,128.8345184326172,122.8179702758789
2021-02-25,13.272590637207031,54.93456268310547,82.41999816894531,123.74868774414062,116.969482421875
2021-02-26,13.6785249710083,55.28017807006836,84.51000213623047,124.35130310058594,116.9137954711914
2021-03-01,13.805437088012695,57.19015884399414,86.38999938964844,127.36448669433594,119.87517547607422
2021-03-02,13.371082305908203,55.69855499267578,84.12999725341797,125.12742614746094,116.969482421875
2021-03-03,12.771160125732422,54.47980880737305,80.86000061035156,120.78802490234375,114.08241271972656
2021-03-04,12.337800025939941,53.0518798828125,77.75,117.24676513671875,107.30559539794922
2021-03-05,12.428811073303223,55.24380111694336,78.5199966430664,119.0357437133789,112.1421890258789
2021-03-08,11.562837600708008,54.434329986572266,73.95999908447266,113.026611328125,105.76456451416016
2021-03-09,12.491716384887695,56.99916076660156,78.52999877929688,118.44857788085938,108.03897857666016
2021-03-10,12.439836502075195,56.61716079711914,77.5199966430664,117.31098175048828,105.6717300415039
2021-03-11,12.963886260986328,57.58124923706055,81.2300033569336,120.86141967773438,111.93795776367188
2021-03-12,12.826702117919922,57.208351135253906,81.05000305175781,119.24673461914062,109.82136535644531
2021-03-15,13.161185264587402,58.0178108215332,82.5,120.76968383789062,110.54545593261719
2021-03-16,13.26095962524414,58.91822814941406,82.75,122.61370849609375,110.79610443115234
2021-03-17,13.310844421386719,59.82774353027344,82.62999725341797,122.86139678955078,110.66381072998047
2021-03-18,12.69350528717041,57.96323776245117,78.12000274658203,119.0357437133789,106.69420623779297
2021-03-19,12.816473960876465,57.99052810668945,79.05999755859375,120.20088958740234,105.8835220336914
2021-03-22,13.156197547912598,59.69131851196289,80.30000305175781,123.01736450195312,109.19149017333984
2021-03-23,13.040959358215332,57.73585891723633,78.37999725341797,121.57699584960938,107.05760955810547
2021-03-24,12.614185333251953,56.42616271972656,76.4800033569336,116.67796325683594,101.5318603515625
2021-03-25,12.506681442260742,56.40797805786133,76.22000122070312,116.76972198486328,102.92031860351562
2021-03-26,12.80998706817627,59.000083923339844,77.41000366210938,122.00819396972656,108.61376190185547
2021-03-29,12.918739318847656,58.66356658935547,77.13999938964844,120.43023681640625,106.5916976928711
2021-03-30,12.842413902282715,57.99962615966797,76.0,119.36599731445312,107.22535705566406
2021-03-31,13.317828178405762,58.20880889892578,78.5,121.64120483398438,110.21649169921875
2021-04-01,13.7802734375,58.70905303955078,81.08999633789062,126.41181182861328,116.29203796386719
2021-04-05,13.955620765686035,60.51896667480469,81.43000030517578,128.7421112060547,116.01248168945312
2021-04-06,13.829907417297363,59.627647399902344,81.44000244140625,126.6595458984375,114.09291076660156
2021-04-07,14.11126708984375,60.25520324707031,82.19999694824219,127.91638946533203,111.71675872802734
2021-04-08,14.284370422363281,60.98283386230469,83.3499984741211,128.7512664794922,115.01541137695312
2021-04-09,14.367181777954102,62.08333969116211,82.76000213623047,128.9622802734375,114.42837524414062
2021-04-12,15.174335479736328,59.49122619628906,78.58000183105469,126.09075927734375,112.65791320800781
2021-04-13,15.643766403198242,59.318424224853516,80.19000244140625,125.9622802734375,113.00267028808594
2021-04-14,15.242183685302734,58.381622314453125,78.55000305175781,123.62288665771484,112.60198974609375
2021-04-15,16.10047149658203,59.13651657104492,83.01000213623047,126.45769500732422,110.28175354003906
2021-04-16,15.876237869262695,58.890933990478516,82.1500015258789,126.79715728759766,110.73831939697266
2021-04-19,15.326738357543945,57.872291564941406,81.11000061035156,124.08155822753906,107.5328598022461
2021-04-20,15.136674880981445,57.026451110839844,79.2699966430664,122.38432312011719,107.1135482788086
2021-04-21,15.325492858886719,57.93595504760742,81.61000061035156,124.94392395019531,109.3965072631836
2021-04-22,14.81640625,56.90821075439453,79.05999755859375,121.98985290527344,107.45829010009766
2021-04-23,15.230460166931152,53.879539489746094,82.76000213623047,124.2467269897461,110.5519790649414
2021-04-26,15.442724227905273,53.442970275878906,85.41000366210938,127.4852066040039,113.23562622070312
2021-04-27,15.346693992614746,52.72445297241211,85.20999908447266,126.61363220214844,113.00267028808594
2021-04-28,15.24193286895752,52.4061164855957,84.0199966430664,125.29261016845703,111.50244140625
2021-04-29,15.289823532104492,53.00639343261719,83.91000366210938,130.8980255126953,110.98059844970703
2021-04-30,14.975292205810547,52.324256896972656,81.62000274658203,127.33843994140625,108.78148651123047
2021-05-03,14.802934646606445,52.07868957519531,78.55000305175781,126.08154296875,108.03604125976562
2021-05-04,14.31854248046875,51.751277923583984,78.61000061035156,123.04488372802734,107.4955825805664
2021-05-05,14.42554759979248,51.70579147338867,77.83000183105469,123.53111267089844,107.51421356201172
2021-05-06,14.489901542663574,52.33539581298828,77.88999938964844,124.7696533203125,109.02376556396484
2021-05-07,14.77849292755127,52.774654388427734,78.80999755859375,126.46686553955078,108.8653793334961
2021-05-10,14.233237266540527,51.21895980834961,75.98999786376953,118.29263305664062,104.65349578857422
2021-05-11,14.273645401000977,50.36789321899414,76.83000183105469,117.76969146728516,105.15669250488281
2021-05-12,13.727144241333008,49.06843948364258,74.63999938964844,114.3293685913086,100.83301544189453
2021-05-13,13.634105682373047,49.425331115722656,73.08999633789062,116.61376190185547,101.3362045288086
2021-05-14,14.210538864135742,50.651580810546875,74.58999633789062,119.40270233154297,104.79328918457031
2021-05-17,14.13321590423584,50.63328170776367,74.6500015258789,119.08159637451172,102.31461334228516
2021-05-18,13.983806610107422,50.184871673583984,74.44000244140625,118.2651138305664,103.28372955322266
2021-05-19,14.03369426727295,50.66073989868164,76.2300033569336,119.87059783935547,104.73736572265625
2021-05-20,14.57919692993164,51.20065689086914,78.05999755859375,121.68708801269531,105.55738830566406
2021-05-21,14.957584381103516,51.31961441040039,77.16999816894531,120.60452270507812,104.2248764038086
2021-05-24,15.576420783996582,52.12491226196289,77.44000244140625,121.93480682373047,105.8835220336914
2021-05-25,15.61208724975586,52.04255294799805,77.86000061035156,122.7054214477539,106.48919677734375
2021-05-26,15.664219856262207,52.088314056396484,78.33999633789062,122.09993743896484,108.0919418334961
2021-05-27,15.452702522277832,52.829559326171875,78.41999816894531,122.60450744628906,107.87763214111328
2021-05-28,16.207477569580078,52.271339416503906,80.08000183105469,123.43018341064453,109.35924530029297
2021-06-01,16.227432250976562,52.06085968017578,80.80999755859375,122.87975311279297,110.43083190917969
2021-06-02,16.740007400512695,52.60078048706055,81.97000122070312,123.39614868164062,110.8408203125
2021-06-03,16.931076049804688,51.466041564941406,80.27999877929688,121.5150146484375,108.85603332519531
2021-06-04,17.53818702697754,52.50011444091797,81.58000183105469,123.8756332397461,111.36267852783203
2021-06-07,17.57884407043457,52.2438850402832,81.3499984741211,122.9350814819336,110.16061401367188
2021-06-08,17.417219161987305,52.161521911621094,80.88999938964844,123.74652862548828,108.01741027832031
2021-06-09,17.322660446166992,52.161521911621094,79.95999908447266,122.53856658935547,109.1449203491211
2021-06-10,17.3892765045166,52.50926971435547,81.55999755859375,123.76498413085938,110.17923736572266
2021-06-11,17.7887020111084,52.939369201660156,81.30999755859375,124.1337890625,110.18856811523438
2021-06-14,17.9818058013916,53.250511169433594,81.55000305175781,126.61426544189453,112.74175262451172
2021-06-15,17.752023696899414,53.06748580932617,80.47000122070312,125.01903533935547,111.3067398071289
2021-06-16,17.77372932434082,52.36285400390625,80.11000061035156,124.43811798095703,109.9742202758789
2021-06-17,18.618995666503906,52.32624816894531,84.55999755859375,124.80696105957031,111.42505645751953
2021-06-18,18.60053062438965,50.94441604614258,84.6500015258789,122.63999938964844,108.31014251708984
2021-06-21,18.389467239379883,51.1274528503418,82.58999633789062,123.52521514892578,106.76675415039062
2021-06-22,18.848026275634766,51.1274528503418,83.58000183105469,124.5579605102539,106.94446563720703
2021-06-23,19.01817512512207,50.56922149658203,83.81999969482422,124.96369934082031,108.55335998535156
2021-06-24,19.166120529174805,51.31047058105469,86.0999984741211,127.17675018310547,109.66649627685547
2021-06-25,18.991981506347656,51.16405487060547,85.62000274658203,126.92776489257812,109.00235748291016
2021-06-28,19.944021224975586,52.60078048706055,87.08000183105469,128.83653259277344,111.88339233398438
2021-06-29,19.985689163208008,51.9327392578125,89.5199966430664,131.51065063476562,112.46334838867188
2021-06-30,19.961490631103516,51.3745231628418,93.93000030517578,131.79649353027344,112.39785766601562
2021-07-01,20.17055892944336,51.255550384521484,93.30999755859375,129.83241271972656,110.770263671875
2021-07-02,20.444992065429688,51.941890716552734,94.69999694824219,131.47378540039062,111.22862243652344
2021-07-06,20.656057357788086,51.328758239746094,94.47000122070312,130.19203186035156,112.29497528076172
2021-07-07,20.329978942871094,51.20980453491211,90.54000091552734,129.0670928955078,110.61125946044922
2021-07-08,19.861940383911133,50.688194274902344,89.73999786376953,127.51789855957031,110.25579071044922
2021-07-09,20.009136199951172,51.23725509643555,90.9000015258789,130.41331481933594,112.77202606201172
2021-07-12,20.470441818237305,51.91444778442383,90.80999755859375,131.37232971191406,114.70829772949219
2021-07-13,20.208478927612305,52.04255294799805,90.26000213623047,130.18284606933594,115.89627075195312
2021-07-14,19.80081558227539,51.72227096557617,89.05000305175781,132.55259704589844,116.3546142578125
2021-07-15,18.9273624420166,51.072532653808594,86.93000030517578,130.4410400390625,109.93775177001953
2021-07-16,18.12375831604004,50.3038444519043,85.88999938964844,128.8273162841797,108.26337432861328
2021-07-19,18.74124526977539,50.00184631347656,86.58000183105469,127.97899627685547,107.89856719970703
2021-07-20,18.57383918762207,50.55091857910156,87.11000061035156,128.67979431152344,108.88075256347656
2021-07-21,19.370201110839844,51.456886291503906,89.41000366210938,131.095703125,110.25579071044922
2021-07-22,19.553821563720703,51.20980453491211,91.20999908447266,131.3446807861328,109.03041076660156
2021-07-23,19.517900466918945,48.501060485839844,92.1500015258789,133.59463500976562,109.24554443359375
2021-07-26,19.25444221496582,49.69987106323242,91.81999969482422,132.32211303710938,108.17921447753906
2021-07-27,19.16861343383789,48.6657829284668,91.02999877929688,129.9523162841797,106.20552062988281
2021-07-28,19.463010787963867,48.565128326416016,97.93000030517578,131.3446807861328,107.63668060302734
2021-07-29,19.621686935424805,49.141639709472656,102.94999694824219,139.22866821289062,108.64690399169922
2021-07-30,19.459020614624023,49.15994644165039,106.19000244140625,138.13134765625,109.10525512695312
2021-08-02,19.709505081176758,49.12333297729492,108.62999725341797,137.26458740234375,109.31103515625
2021-08-03,19.774372100830078,49.4710807800293,112.55999755859375,136.42547607421875,110.76091766357422
2021-08-04,20.2324275970459,49.32466506958008,118.7699966430664,136.6744384765625,111.0696029663086
2021-08-05,20.59468650817871,49.635982513427734,112.3499984741211,135.39271545410156,111.5185775756836
2021-08-06,20.32423973083496,49.66361618041992,110.11000061035156,134.88551330566406,110.57381439208984
2021-08-09,20.253389358520508,49.783355712890625,107.58000183105469,135.4757080078125,110.58319091796875
2021-08-10,19.895126342773438,49.68204116821289,106.4800033569336,134.50747680664062,108.84333801269531
2021-08-11,19.658611297607422,49.86625289916992,107.68000030517578,135.25440979003906,108.49723052978516
2021-08-12,19.86418914794922,49.31361770629883,106.5,135.68775939941406,108.2259750366211
2021-08-13,20.146608352661133,49.26756286621094,110.55000305175781,137.0617218017578,108.03889465332031
2021-08-16,19.909093856811523,49.249141693115234,107.4800033569336,136.59149169921875,107.22509002685547
2021-08-17,19.418102264404297,48.53071212768555,107.55999755859375,133.1612091064453,103.9324722290039
2021-08-18,19.000959396362305,48.070186614990234,103.44000244140625,131.1049041748047,103.31512451171875
2021-08-19,19.757408142089844,48.300445556640625,103.69999694824219,129.65721130371094,103.38058471679688
2021-08-20,20.773319244384766,47.904388427734375,104.6500015258789,131.0219268798828,101.13565063476562
2021-08-23,21.912981033325195,49.02808380126953,108.7699966430664,132.9122772216797,103.79216003417969
2021-08-24,21.748315811157227,49.56230163574219,107.6500015258789,133.20733642578125,104.86788177490234
2021-08-25,22.167455673217773,49.56230163574219,108.30000305175781,132.66329956054688,109.47004699707031
2021-08-26,22.022750854492188,48.93598556518555,107.2699966430664,131.28933715820312,110.47093963623047
2021-08-27,22.589582443237305,49.635982513427734,111.4000015258789,133.56690979003906,110.83573913574219
2021-08-30,22.6414794921875,49.68204116821289,111.31999969482422,134.57203674316406,111.30345153808594
2021-08-31,22.343040466308594,49.79256820678711,110.72000122070312,135.26361083984375,111.32215881347656
2021-09-01,22.398937225341797,49.433353424072266,109.98999786376953,135.67124938964844,112.67848205566406
2021-09-02,22.354021072387695,49.488616943359375,109.19999694824219,134.43910217285156,112.9871597290039
2021-09-03,22.80018424987793,49.28598403930664,109.91999816894531,133.9851837158203,115.96173858642578
2021-09-07,22.619522094726562,49.41493606567383,109.1500015258789,133.169921875,116.64458465576172
2021-09-08,22.2971248626709,49.341243743896484,106.16999816894531,132.03048706054688,114.01610565185547
2021-09-09,22.13543128967285,49.18466567993164,106.1500015258789,131.15968322753906,114.75508117675781
2021-09-10,22.43586540222168,49.58993148803711,105.19999694824219,132.1787109375,115.02635955810547
2021-09-13,22.110475540161133,50.64915466308594,104.80000305175781,132.85499572753906,115.63435363769531
2021-09-14,22.20030975341797,50.21626281738281,105.7300033569336,130.75204467773438,115.13859558105469
2021-09-15,22.299123764038086,50.768882751464844,105.5999984741211,128.06549072265625,113.65129852294922
2021-09-16,22.20030975341797,50.50178527832031,106.22000122070312,128.21368408203125,113.45124816894531
2021-09-17,21.85895347595215,49.97677993774414,103.87999725341797,123.76698303222656,110.595947265625
2021-09-20,21.073423385620117,48.797821044921875,101.55000305175781,122.98882293701172,107.73125457763672
2021-09-21,21.206178665161133,48.69649887084961,102.81999969482422,122.05318450927734,107.97544860839844
2021-09-22,21.899871826171875,49.276771545410156,104.37999725341797,123.22045135498047,108.83015441894531
2021-09-23,22.43985939025879,49.76493453979492,106.1500015258789,124.0541763305664,109.13072967529297
2021-09-24,22.03961181640625,49.939937591552734,105.80000305175781,124.02640533447266,108.61414337158203
2021-09-27,21.619401931762695,50.34519958496094,108.16000366210938,123.65581512451172,109.09315490722656
2021-09-28,20.660200119018555,49.737300872802734,101.5199966430664,120.33930969238281,105.10137176513672
2021-09-29,20.478548049926758,49.26756286621094,100.3499984741211,119.76496124267578,104.83839416503906
2021-09-30,20.67717170715332,49.07413864135742,102.9000015258789,119.4870376586914,104.86654663085938
2021-10-01,20.703121185302734,49.60835647583008,102.44999694824219,119.2369155883789,104.78201293945312
2021-10-04,19.69501495361328,49.249141693115234,100.33999633789062,117.35630798339844,102.3963394165039
2021-10-05,20.41266632080078,49.691253662109375,101.80999755859375,118.14375305175781,102.62176513671875
2021-10-06,20.66120147705078,49.71887969970703,103.63999938964844,118.6347427368164,102.69688415527344
2021-10-07,21.035499572753906,49.90309143066406,106.44999694824219,118.43093872070312,104.09638214111328
2021-10-08,20.791955947875977,49.56230163574219,105.05999755859375,117.23587799072266,103.35438537597656
2021-10-11,20.65620994567871,49.22150802612305,104.68000030517578,115.74436950683594,103.56099700927734
2021-10-12,20.632251739501953,48.051761627197266,105.04000091552734,113.90084075927734,102.56539916992188
2021-10-13,20.899749755859375,48.13465118408203,109.16000366210938,115.8370132446289,103.29801940917969
2021-10-14,21.705242156982422,49.64519500732422,111.98999786376953,119.19058227539062,105.72126007080078
2021-10-15,21.821022033691406,50.160980224609375,112.12000274658203,120.61724090576172,107.88153076171875
2021-10-18,22.18034553527832,50.17020034790039,116.43000030517578,120.54312133789062,108.33235168457031
2021-10-19,22.248218536376953,50.851783752441406,116.33000183105469,122.74797058105469,109.85395050048828
2021-10-20,22.06157112121582,50.9991569519043,116.38999938964844,122.4329833984375,108.56717681884766
2021-10-21,22.649465560913086,51.57941818237305,119.33000183105469,123.25747680664062,109.22464752197266
2021-10-22,22.68340301513672,45.55568313598633,119.81999969482422,121.93272399902344,107.289794921875
2021-10-25,23.122577667236328,45.5096321105957,122.36000061035156,122.21990203857422,106.73564147949219
2021-10-26,24.67066764831543,44.468833923339844,122.93000030517578,122.22918701171875,107.24284362792969
2021-10-27,24.405166625976562,44.109622955322266,122.27999877929688,121.54363250732422,106.83895874023438
2021-10-28,24.894250869750977,44.28462219238281,121.16000366210938,123.85037231445312,108.961669921875
2021-10-29,25.519075393676758,45.131996154785156,120.2300033569336,123.24821472167969,106.79199981689453
2021-11-01,25.77859115600586,45.638580322265625,125.2300033569336,124.88794708251953,107.18647766113281
2021-11-02,26.351512908935547,45.924110412597656,127.62999725341797,125.27703094482422,107.17709350585938
2021-11-03,26.548147201538086,46.41226577758789,130.52999877929688,128.287841796875,107.08316802978516
2021-11-04,29.745141983032227,46.66083526611328,137.5,144.62026977539062,110.63351440429688
2021-11-05,29.696231842041016,47.22658920288086,136.33999633789062,151.0309295654297,110.64290618896484
2021-11-08,30.74626350402832,47.810890197753906,150.16000366210938,153.64340209960938,113.56395721435547
2021-11-09,30.59953498840332,47.48627853393555,148.9199981689453,154.4678955078125,114.381103515625
2021-11-10,29.403779983520508,47.07819366455078,139.8699951171875,148.0386962890625,111.01859283447266
2021-11-11,30.333038330078125,46.864871978759766,146.00999450683594,152.3186492919922,111.00920867919922
2021-11-12,30.333038330078125,46.66083526611328,147.88999938964844,152.80039978027344,111.47882843017578
2021-11-15,29.968721389770508,46.67011260986328,146.49000549316406,156.10760498046875,110.9434585571289
2021-11-16,30.14638900756836,46.93907165527344,152.4499969482422,168.42874145507812,110.90589141845703
2021-11-17,29.20615577697754,46.58663558959961,151.33999633789062,170.0314178466797,111.82633972167969
2021-11-18,31.61562728881836,46.07653045654297,155.02000427246094,172.6067657470703,115.8932876586914
2021-11-19,32.923179626464844,45.92814254760742,155.41000366210938,171.38394165039062,116.7104263305664
2021-11-22,31.896099090576172,46.21564865112305,152.52000427246094,168.0489044189453,117.17064666748047
2021-11-23,31.686494827270508,45.538597106933594,149.9199981689453,167.6227569580078,113.98661804199219
2021-11-24,32.61275863647461,46.150726318359375,157.8000030517578,167.40969848632812,113.37609100341797
2021-11-26,31.44394874572754,45.24180603027344,154.80999755859375,162.80548095703125,109.97603607177734
2021-11-29,33.31343460083008,46.373321533203125,161.91000366210938,170.2166748046875,112.03298950195312
2021-11-30,32.614749908447266,45.631343841552734,158.3699951171875,167.27072143554688,110.03239440917969
2021-12-01,31.37991714477539,45.074859619140625,149.11000061035156,163.31866455078125,113.30097198486328
2021-12-02,32.069705963134766,45.90958023071289,150.67999267578125,164.62051391601562,114.30595397949219
2021-12-03,30.639217376708984,45.67771530151367,144.00999450683594,164.13697814941406,112.07994079589844
2021-12-06,29.9843692779541,47.29151153564453,139.05999755859375,163.15126037597656,111.9014892578125
2021-12-07,32.370182037353516,48.75691223144531,144.85000610351562,170.841552734375,114.8882827758789
2021-12-08,31.770238876342773,47.99637985229492,145.24000549316406,169.8279571533203,114.39986419677734
2021-12-09,30.436573028564453,46.818504333496094,138.10000610351562,169.48388671875,112.23960876464844
2021-12-10,30.14508819580078,46.9205207824707,138.5500030517578,170.99032592773438,111.89208984375
2021-12-13,28.11165428161621,46.373321533203125,133.8000030517578,170.46961975097656,109.34674835205078
2021-12-14,28.287349700927734,46.0950813293457,135.60000610351562,169.22354125976562,109.22464752197266
2021-12-15,30.405630111694336,46.994720458984375,146.5,176.01181030273438,113.0849380493164
2021-12-16,28.337261199951172,47.14311981201172,138.63999938964844,165.66197204589844,109.9405517578125
2021-12-17,27.752286911010742,46.94834899902344,137.75,164.40663146972656,109.70475006103516
2021-12-20,27.67043113708496,46.0023307800293,135.8000030517578,164.28573608398438,108.40324401855469
2021-12-21,29.0240535736084,47.08747100830078,144.25,166.99179077148438,110.76107788085938
2021-12-22,29.34848403930664,47.27296447753906,143.8800048828125,168.66558837890625,114.40155029296875
2021-12-23,29.588064193725586,47.58830261230469,146.13999938964844,169.9302520751953,113.8167953491211
2021-12-27,30.890779495239258,48.1725959777832,154.36000061035156,173.2686004638672,115.72191619873047
2021-12-28,30.26886749267578,48.00566101074219,153.14999389648438,171.86448669433594,115.11832427978516
2021-12-29,29.94843292236328,48.07057571411133,148.25999450683594,173.14768981933594,114.50529479980469
2021-12-30,29.534160614013672,47.987117767333984,145.14999389648438,169.92095947265625,113.57159423828125
2021-12-31,29.359466552734375,47.76451873779297,143.89999389648438,170.05111694335938,113.46784973144531
2022-01-03,30.068220138549805,49.350486755371094,150.24000549316406,173.15701293945312,121.47502136230469
2022-01-04,29.238677978515625,49.28555679321289,144.4199981689453,174.10548400878906,125.81340026855469
2022-01-05,27.555631637573242,49.962608337402344,136.14999389648438,173.4266815185547,119.83396911621094
2022-01-06,28.128625869750977,50.09245681762695,136.22999572753906,172.91525268554688,121.16378021240234
2022-01-07,27.19925880432129,49.56379699707031,132.0,167.76358032226562,116.47642517089844
2022-01-10,27.35198974609375,51.20541763305664,132.0,167.08474731445312,117.90054321289062
2022-01-11,27.76825714111328,51.85464859008789,137.30999755859375,172.40377807617188,121.82395935058594
2022-01-12,27.949939727783203,51.69697570800781,137.47000122070312,173.35227966308594,124.70993041992188
2022-01-13,26.528440475463867,50.95500183105469,132.74000549316406,170.9996337890625,131.27413940429688
2022-01-14,26.894794464111328,51.659873962402344,136.8800048828125,175.46315002441406,132.66050720214844
2022-01-18,25.857614517211914,50.78805923461914,131.92999267578125,166.32223510742188,126.21896362304688
2022-01-19,25.02307891845703,49.73074722290039,128.27000427246094,160.38014221191406,123.55931854248047
2022-01-20,24.107683181762695,48.26535415649414,121.88999938964844,154.82864379882812,121.03173828125
2022-01-21,23.333044052124023,48.26535415649414,118.80999755859375,153.36868286132812,117.4478530883789
2022-01-24,23.3310489654541,48.1725959777832,116.52999877929688,158.14840698242188,118.79651641845703
2022-01-25,22.284887313842773,47.30078125,111.12999725341797,153.8522491455078,115.51444244384766
2022-01-26,22.732099533081055,47.940738677978516,110.70999908447266,155.29360961914062,116.08030700683594
2022-01-27,21.905550003051758,44.564754486083984,102.5999984741211,149.90017700195312,109.7613525390625
2022-01-28,22.799983978271484,44.26797103881836,105.23999786376953,155.116943359375,110.92139434814453
2022-01-31,24.443096160888672,45.27891540527344,114.25,163.4395294189453,115.65589904785156
2022-02-01,24.59482765197754,45.399478912353516,116.77999877929688,164.71353149414062,116.0520248413086
2022-02-02,25.197769165039062,45.91885757446289,122.76000213623047,175.00750732421875,117.08946228027344
2022-02-03,23.906042098999023,44.778072357177734,120.08000183105469,166.54541015625,113.0245590209961
2022-02-04,24.276390075683594,44.866859436035156,123.5999984741211,166.88946533203125,114.1374740600586
2022-02-07,24.68467140197754,45.025726318359375,123.66999816894531,162.8164825439453,115.3541030883789
2022-02-08,25.064006805419922,45.61448287963867,128.22999572753906,166.0711669921875,116.67448425292969
2022-02-09,26.6582088470459,46.6424674987793,132.85000610351562,171.05543518066406,118.38154602050781
2022-02-10,25.778751373291016,45.66120529174805,125.7699966430664,161.86801147460938,117.61761474609375
2022-02-11,23.907033920288086,44.51173782348633,113.18000030517578,153.0990447998047,114.12803649902344
2022-02-14,24.22447967529297,44.46500778198242,114.2699966430664,153.5546875,112.95856475830078
2022-02-15,26.448579788208008,45.268707275390625,121.47000122070312,160.87301635742188,117.43841552734375
2022-02-16,26.464548110961914,45.072452545166016,117.69000244140625,160.50103759765625,116.57072448730469
2022-02-17,24.464059829711914,44.45566177368164,112.37000274658203,155.1076202392578,112.94914245605469
2022-02-18,23.600574493408203,42.0912971496582,113.83000183105469,155.8887176513672,112.52471923828125
2022-02-22,23.349016189575195,41.76420974731445,115.6500015258789,154.26141357421875,110.26122283935547
2022-02-23,22.347774505615234,41.72682571411133,109.76000213623047,150.2906951904297,109.30864715576172
2022-02-24,23.70638656616211,43.661312103271484,116.61000061035156,156.20489501953125,105.51727294921875
2022-02-25,24.114673614501953,44.58649444580078,121.05999755859375,158.94808959960938,104.90423583984375
2022-02-28,24.342269897460938,44.5771484375,123.33999633789062,159.9337921142578,100.92423248291016
2022-03-01,23.435863494873047,43.754764556884766,113.83000183105469,152.2156219482422,101.90510559082031
2022-03-02,24.181682586669922,45.67055892944336,118.27999877929688,158.0424041748047,103.37635803222656
2022-03-03,23.676481246948242,44.79209899902344,111.9800033569336,154.40065002441406,102.6030044555664
2022-03-04,22.89971351623535,44.92293167114258,108.41000366210938,151.51528930664062,99.08513641357422
2022-03-07,21.318220138549805,44.55845642089844,102.94999694824219,140.16049194335938,93.64327239990234
2022-03-08,21.479961395263672,44.39025115966797,105.52999877929688,140.77679443359375,94.31291198730469
2022-03-09,22.97758674621582,44.51173782348633,111.05000305175781,146.70632934570312,98.98138427734375
2022-03-10,22.622154235839844,43.60523986816406,106.45999908447266,144.46524047851562,98.04767608642578
2022-03-11,22.065034866333008,42.82958221435547,104.29000091552734,142.25218200683594,95.6427230834961
2022-03-14,21.29625701904297,41.493202209472656,102.25,131.9339141845703,93.6527099609375
2022-03-15,22.936655044555664,41.87636184692383,109.33000183105469,134.66055297851562,96.28401947021484
2022-03-16,24.457246780395508,43.57720947265625,115.37000274658203,140.48733520507812,100.16004180908203
2022-03-17,24.726818084716797,44.05381393432617,111.69000244140625,142.70970153808594,100.91817474365234
2022-03-18,26.411149978637695,44.34352111816406,113.45999908447266,143.7929229736328,101.13614654541016
2022-03-21,26.691701889038086,44.287445068359375,115.91999816894531,145.28695678710938,101.3256607055664
2022-03-22,26.482036590576172,45.22197723388672,114.77999877929688,147.17320251464844,101.43939971923828
2022-03-23,25.593446731567383,45.109832763671875,113.91999816894531,142.7470703125,99.83782958984375
2022-03-24,28.1054630279541,48.240516662597656,120.52999877929688,147.9669189453125,102.27336120605469
2022-03-25,27.648189544677734,48.436763763427734,119.66999816894531,147.50936889648438,101.14562225341797
2022-03-28,28.174354553222656,48.13771438598633,120.23999786376953,147.95758056640625,100.76655578613281
2022-03-29,28.61066246032715,48.82927322387695,123.2300033569336,150.40411376953125,103.53376007080078
2022-03-30,27.64619255065918,48.06295394897461,119.22000122070312,142.61634826660156,101.14562225341797
2022-03-31,27.242830276489258,46.31538391113281,109.33999633789062,142.70042419433594,98.80484771728516
2022-04-01,26.669740676879883,44.9603157043457,108.19000244140625,137.25648498535156,97.41177368164062
2022-04-04,27.316713333129883,45.97895050048828,110.52999877929688,143.6248779296875,99.30711364746094
2022-04-05,25.889970779418945,44.979000091552734,106.81999969482422,135.82774353027344,97.13695526123047
2022-04-06,24.368385314941406,44.427635192871094,103.66999816894531,130.05699157714844,95.8860092163086
2022-04-07,24.16970443725586,44.446319580078125,103.72000122070312,130.00096130371094,95.26054382324219
2022-04-08,23.082426071166992,43.94167709350586,101.0,127.63851165771484,94.09489440917969
2022-04-11,21.882322311401367,43.5211296081543,97.37000274658203,126.3965835571289,92.46490478515625
2022-04-12,21.4699764251709,43.45571517944336,95.0999984741211,127.07823181152344,92.34170532226562
2022-04-13,22.16787338256836,43.93232727050781,97.73999786376953,131.1962127685547,96.18927764892578
2022-04-14,21.224367141723633,42.680049896240234,93.05999755859375,127.84396362304688,93.21356201171875
2022-04-18,21.748537063598633,43.5865478515625,93.88999938964844,130.0943603515625,93.60211181640625
2022-04-19,22.162878036499023,44.79209899902344,96.93000030517578,131.7097930908203,94.24652099609375
2022-04-20,21.448013305664062,44.9603157043457,94.0199966430664,131.0467987060547,93.82954406738281
2022-04-21,20.15106964111328,44.39025115966797,89.8499984741211,127.09690856933594,92.55018615722656
2022-04-22,19.4841251373291,43.49309539794922,88.13999938964844,124.01543426513672,90.67377471923828
2022-04-25,19.870515823364258,43.979061126708984,90.69000244140625,127.51714324951172,91.20447540283203
2022-04-26,18.758275985717773,42.53987503051758,85.16000366210938,124.65973663330078,87.91604614257812
2022-04-27,18.385868072509766,42.25951385498047,84.91000366210938,126.15381622314453,85.53736114501953
2022-04-28,19.750701904296875,43.77345275878906,89.63999938964844,138.3769989013672,90.23786163330078
2022-04-29,18.517656326293945,40.73622512817383,85.5199966430664,130.4398651123047,88.06767272949219
2022-05-02,19.502098083496094,42.01653289794922,89.83999633789062,135.65036010742188,88.85424041748047
2022-05-03,19.570985794067383,42.10999298095703,91.12999725341797,134.70721435546875,88.73104095458984
2022-05-04,20.301828384399414,43.49309539794922,99.41999816894531,139.18002319335938,90.96756744384766
2022-05-05,18.814186096191406,42.00957107543945,93.87000274658203,132.26072692871094,87.32847595214844
2022-05-06,18.64545249938965,41.72699737548828,95.33999633789062,131.27093505859375,86.835693359375
2022-05-09,16.923181533813477,40.56843566894531,86.36000061035156,125.9857177734375,82.73223876953125
2022-05-10,17.567161560058594,41.45384216308594,88.7300033569336,127.75054931640625,84.17271423339844
2022-05-11,16.60369110107422,40.342376708984375,87.91999816894531,123.5392074584961,83.2345199584961
2022-05-12,16.1494083404541,40.35179138183594,87.05999755859375,123.04432678222656,83.10184478759766
2022-05-13,17.677988052368164,41.067657470703125,95.12000274658203,125.99504852294922,86.20074462890625
2022-05-16,17.236682891845703,40.577857971191406,94.23999786376953,125.0426025390625,85.67952728271484
2022-05-17,18.148239135742188,41.821189880371094,102.47000122070312,130.4398651123047,88.43724060058594
2022-05-18,16.91119956970215,39.89025115966797,96.27999877929688,121.81169891357422,85.79324340820312
2022-05-19,17.096908569335938,39.56999969482422,96.66999816894531,121.92377471923828,85.489990234375
2022-05-20,16.667585372924805,39.23091506958008,93.5,122.88556671142578,86.03016662597656
2022-05-23,16.87126350402832,39.56058120727539,95.06999969482422,123.37113952636719,86.71248626708984
2022-05-24,16.128440856933594,39.24974822998047,91.16000366210938,120.01884460449219,84.07794952392578
2022-05-25,16.948143005371094,39.74897003173828,92.6500015258789,122.54006958007812,85.67952728271484
2022-05-26,17.822755813598633,40.954620361328125,98.75,125.9110107421875,86.2386474609375
2022-05-27,18.78124237060547,41.96247863769531,102.26000213623047,130.50523376464844,88.86372375488281
2022-05-31,18.642457962036133,41.840030670166016,101.86000061035156,133.7361297607422,90.31366729736328
2022-06-01,18.291013717651367,41.54803466796875,101.22000122070312,131.436279296875,89.79244232177734
2022-06-02,19.560998916625977,42.235633850097656,108.58999633789062,137.23741149902344,91.29924774169922
2022-06-03,18.690385818481445,40.86985397338867,106.30000305175781,132.562744140625,88.86372375488281
2022-06-06,18.75627899169922,40.82275390625,105.6500015258789,131.83053588867188,88.2382583618164
2022-06-07,18.896060943603516,41.0017204284668,105.27999877929688,133.191650390625,88.9300537109375
2022-06-08,18.6224308013916,38.835304260253906,101.9000015258789,130.4412841796875,88.57942199707031
2022-06-09,18.023258209228516,37.68616485595703,98.80000305175781,128.32920837402344,86.09649658203125
2022-06-10,16.950727462768555,36.90437316894531,94.81999969482422,125.03437805175781,84.0400390625
2022-06-13,15.625547409057617,35.57627487182617,86.98999786376953,120.77268981933594,81.07381439208984
2022-06-14,15.814288139343262,35.72697067260742,86.98999786376953,122.27462005615234,82.62801361083984
2022-06-15,16.504343032836914,36.40515899658203,89.30000305175781,122.99740600585938,84.46649932861328
2022-06-16,15.579609870910645,35.17124557495117,82.05000305175781,113.4133071899414,80.51958465576172
2022-06-17,15.858226776123047,34.82273864746094,81.56999969482422,113.57289123535156,80.97686767578125
2022-06-21,16.543289184570312,35.53858947753906,83.79000091552734,116.76447296142578,82.8345718383789
2022-06-22,16.337574005126953,35.20892333984375,83.75,114.6711654663086,80.8911361694336
2022-06-23,16.202754974365234,35.2371826171875,82.43000030517578,112.72806549072266,80.13851928710938
2022-06-24,17.10251808166504,36.36748123168945,87.08000183105469,117.43093872070312,81.85331726074219
2022-06-27,16.845869064331055,36.386322021484375,86.16000366210938,119.3834228515625,81.7961654663086
2022-06-28,15.960090637207031,35.585689544677734,80.77999877929688,123.532470703125,80.34810638427734
2022-06-29,15.520689964294434,35.1241455078125,77.98999786376953,122.24645233154297,79.69075775146484
2022-06-30,15.13821792602539,35.2371826171875,76.47000122070312,119.90909576416016,77.88069915771484
2022-07-01,14.503087997436523,34.22932434082031,73.66999816894531,115.95719146728516,73.35550689697266
2022-07-05,14.943482398986816,34.558990478515625,75.19999694824219,118.11618041992188,72.50763702392578
2022-07-06,15.10925579071045,34.84157180786133,75.3499984741211,119.2707748413086,71.98367309570312
2022-07-07,15.836256980895996,35.924781799316406,79.30000305175781,126.16081237792969,76.83275604248047
2022-07-08,15.816286087036133,35.78349685668945,79.3499984741211,127.67211151123047,77.65206909179688
2022-07-11,15.131226539611816,35.03937911987305,76.94999694824219,124.13323211669922,75.36565399169922
2022-07-12,15.061320304870605,35.048797607421875,76.36000061035156,124.79972076416016,75.35611724853516
2022-07-13,15.143208503723145,35.048797607421875,77.5199966430664,127.32479858398438,77.44245910644531
2022-07-14,15.350924491882324,35.51974868774414,78.5999984741211,133.20101928710938,79.70980834960938
2022-07-15,15.74039077758789,36.37689971923828,81.11000061035156,135.51962280273438,81.57705688476562
2022-07-18,16.078922271728516,36.46167755126953,81.43000030517578,133.00390625,79.62408447265625
2022-07-19,16.968700408935547,37.88397216796875,85.87999725341797,138.335693359375,82.07244873046875
2022-07-20,17.78258514404297,38.2042236328125,89.43000030517578,142.40968322753906,82.46302032470703
2022-07-21,18.025253295898438,38.25132751464844,91.08999633789062,146.3052520751953,83.63481140136719
2022-07-22,17.295251846313477,36.923213958740234,88.0999984741211,144.27764892578125,82.23440551757812
2022-07-25,17.000659942626953,36.88554000854492,87.54000091552734,143.85523986816406,82.21533966064453
2022-07-26,16.510334014892578,36.6971549987793,85.25,140.77635192871094,80.42430877685547
2022-07-27,17.76561164855957,37.846290588378906,89.81999969482422,144.01480102539062,83.48239135742188
2022-07-28,17.95934295654297,37.40359115600586,91.66999816894531,137.47210693359375,84.41600799560547
2022-07-29,18.13810157775879,34.201072692871094,94.47000122070312,136.16732788085938,84.29215240478516
2022-08-01,18.415719985961914,34.81331253051758,96.77999877929688,138.3920135498047,82.22486877441406
2022-08-02,18.50059700012207,33.918495178222656,99.29000091552734,138.01654052734375,81.97718048095703
2022-08-03,18.867094039916992,34.398868560791016,98.08999633789062,140.01597595214844,82.41539764404297
2022-08-04,19.188657760620117,33.927913665771484,103.91000366210938,141.75257873535156,84.2349853515625
2022-08-05,18.962966918945312,33.6710319519043,102.30999755859375,141.00161743164062,85.52110290527344
2022-08-08,17.76860809326172,33.66151428222656,100.06999969482422,138.7487335205078,83.7777099609375
2022-08-09,17.06257438659668,32.84328842163086,95.54000091552734,133.7736358642578,81.17692565917969
2022-08-10,18.072189331054688,33.652000427246094,99.05000305175781,137.97901916503906,84.47315979003906
2022-08-11,17.917402267456055,33.86131286621094,98.12000274658203,138.76751708984375,85.28292846679688
2022-08-12,18.683345794677734,34.35606002807617,100.83000183105469,142.01539611816406,86.55950927734375
2022-08-15,19.00590705871582,34.574886322021484,101.01000213623047,142.8039093017578,87.23589324951172
2022-08-16,18.853116989135742,34.432167053222656,100.19999694824219,140.83262634277344,85.69258117675781
2022-08-17,18.309860229492188,34.04207992553711,98.2699966430664,139.42457580566406,84.97807312011719
2022-08-18,18.74726104736328,34.441688537597656,100.44000244140625,142.09988403320312,85.04476165771484
2022-08-19,17.82452964782715,33.66151428222656,95.94999694824219,138.55165100097656,83.07273864746094
2022-08-22,17.010644912719727,32.19631576538086,92.83999633789062,132.92880249023438,81.20549774169922
2022-08-23,17.157445907592773,32.30097198486328,92.48999786376953,132.0933837890625,81.95811462402344
2022-08-24,17.198389053344727,32.2153434753418,92.7300033569336,132.64720153808594,81.51036834716797
2022-08-25,17.888442993164062,33.195316314697266,97.18000030517578,137.28439331054688,83.42521667480469
2022-08-26,16.23770523071289,31.7396297454834,91.18000030517578,129.89682006835938,80.72917938232422
2022-08-29,15.779335021972656,31.340030670166016,88.48999786376953,128.67652893066406,78.92862701416016
2022-08-30,15.446792602539062,30.693058013916016,86.94000244140625,126.17019653320312,78.87146759033203
2022-08-31,15.0733060836792,30.36957359313965,84.87000274658203,124.85809326171875,79.40496826171875
2022-09-01,13.917891502380371,30.217344284057617,82.33000183105469,122.63977813720703,77.77591705322266
2022-09-02,13.628290176391602,29.703575134277344,80.23999786376953,121.28045654296875,77.0709228515625
2022-09-06,13.446538925170898,28.885347366333008,78.72000122070312,119.5718994140625,76.24211120605469
2022-09-07,13.69926643371582,29.16126251220703,79.61000061035156,121.39374542236328,76.1658935546875
2022-09-08,13.974970817565918,29.25640296936035,82.77999877929688,121.6297607421875,76.44217681884766
2022-09-09,14.371542930603027,29.931917190551758,85.44999694824219,124.65044403076172,77.67109680175781
2022-09-12,14.489418029785156,30.02705955505371,84.63999938964844,125.54716491699219,78.26175689697266
2022-09-13,13.11689281463623,27.86731719970703,77.02999877929688,117.92939758300781,75.07984924316406
2022-09-14,13.113895416259766,27.762662887573242,77.44999694824219,120.38370513916016,75.8896255493164
2022-09-15,12.915111541748047,27.439178466796875,76.66000366210938,117.97660064697266,74.70929718017578
2022-09-16,13.183821678161621,27.819747924804688,76.51000213623047,117.94827270507812,74.62306213378906
2022-09-19,13.367624282836914,28.010034561157227,76.7699966430664,119.55301666259766,74.94880676269531
2022-09-20,13.161845207214355,27.553348541259766,75.25,117.77837371826172,74.87215423583984
2022-09-21,13.24675464630127,27.087146759033203,74.4800033569336,117.63676452636719,73.9045181274414
2022-09-22,12.547505378723145,26.706575393676758,69.5,116.74945068359375,72.45784759521484
2022-09-23,12.50255298614502,26.18329429626465,67.95999908447266,114.39897918701172,70.77167510986328
2022-09-26,12.214862823486328,25.660003662109375,66.30000305175781,113.03023529052734,69.94774627685547
2022-09-27,12.399665832519531,25.583894729614258,67.16999816894531,113.59660339355469,69.96690368652344
2022-09-28,12.722318649291992,25.812232971191406,68.36000061035156,112.26561737060547,69.10465240478516
2022-09-29,12.20687198638916,25.098663330078125,64.13999938964844,108.40479278564453,66.37418365478516
2022-09-30,12.125960350036621,24.518295288085938,63.36000061035156,106.64901733398438,65.68439483642578
2022-10-03,12.498558044433594,25.660003662109375,66.11000061035156,110.65145111083984,66.345458984375
2022-10-04,13.152853965759277,26.354549407958984,67.9000015258789,115.5128402709961,69.75614166259766
2022-10-05,13.194808959960938,26.297460556030273,67.94000244140625,117.89163970947266,71.35609436035156
2022-10-06,13.115894317626953,25.85980796813965,67.8499984741211,118.2597885131836,71.23152923583984
2022-10-07,12.063027381896973,24.470720291137695,58.439998626708984,114.1346664428711,66.82447814941406
2022-10-10,11.657464027404785,23.975982666015625,57.810001373291016,108.1782455444336,64.61135864257812
2022-10-11,11.573554039001465,23.823753356933594,57.630001068115234,103.86434173583984,60.78872299194336
2022-10-12,11.487645149230957,24.09966468811035,57.849998474121094,102.55223083496094,61.42103958129883
2022-10-13,11.947152137756348,25.136720657348633,58.939998626708984,106.5357666015625,63.82575988769531
2022-10-14,11.214940071105957,24.651493072509766,55.939998626708984,103.788818359375,61.23900604248047
2022-10-17,11.875227928161621,25.136720657348633,57.959999084472656,105.33692169189453,62.16831970214844
2022-10-18,11.954141616821289,24.613435745239258,57.91999816894531,104.97821044921875,61.03781509399414
2022-10-19,12.038052558898926,24.737119674682617,57.22999954223633,106.52631378173828,60.98991775512695
2022-10-20,12.180900573730469,24.813236236572266,57.77000045776367,105.70506286621094,60.913272857666016
2022-10-21,12.452606201171875,25.660003662109375,58.81999969482422,109.25436401367188,61.076133728027344
2022-10-24,12.585463523864746,25.85980796813965,58.70000076293945,109.85851287841797,58.719322204589844
2022-10-25,13.24675464630127,26.078636169433594,61.470001220703125,112.49215698242188,58.57561492919922
2022-10-26,12.882146835327148,25.888349533081055,59.72999954223633,111.4915771484375,58.28819274902344
2022-10-27,13.161845207214355,24.99401092529297,58.599998474121094,108.27264404296875,58.39357376098633
2022-10-28,13.819138526916504,27.658004760742188,62.0099983215332,112.52993774414062,59.40911865234375
2022-10-31,13.482501029968262,27.049095153808594,60.060001373291016,111.0667953491211,58.968414306640625
2022-11-01,13.528450965881348,26.925405502319336,59.65999984741211,110.7552719116211,58.997154235839844
2022-11-02,13.204800605773926,26.088150024414062,58.630001068115234,106.1959228515625,57.98161315917969
2022-11-03,13.40658187866211,26.059606552124023,60.11000061035156,98.0589599609375,57.75167465209961
2022-11-04,14.140792846679688,27.19263458251953,62.189998626708984,100.71150207519531,59.85940933227539
2022-11-07,14.285636901855469,27.395130157470703,63.08000183105469,103.92097473144531,60.12765121459961
2022-11-08,14.586315155029297,27.462631225585938,63.849998474121094,106.23368835449219,62.29286193847656
2022-11-09,13.761200904846191,26.53692626953125,59.91999816894531,104.2419204711914,62.27370834350586
2022-11-10,15.733081817626953,28.6969051361084,68.47000122070312,113.91755676269531,67.86875915527344
2022-11-11,16.30946159362793,29.342973709106445,72.37000274658203,114.62552642822266,70.73334503173828
2022-11-14,16.277494430541992,29.26582908630371,73.52999877929688,114.03082275390625,69.74655151367188
2022-11-15,16.648094177246094,29.61296844482422,76.37000274658203,118.95831298828125,77.08526611328125
2022-11-16,15.892908096313477,28.475122451782227,72.69999694824219,113.96475219726562,76.11763000488281
2022-11-17,15.66015911102295,28.822261810302734,73.9000015258789,115.97539520263672,78.06250762939453
2022-11-18,15.39244556427002,28.802978515625,73.56999969482422,116.909912109375,78.81935119628906
2022-11-21,15.300546646118164,27.90619659423828,72.45999908447266,113.46444702148438,76.57749938964844
2022-11-22,16.020771026611328,28.754762649536133,75.25,116.72112274169922,79.0780258178711
2022-11-23,16.50125503540039,28.610122680664062,76.4000015258789,118.13707733154297,78.53194427490234
2022-11-25,16.252521514892578,28.29191017150879,75.13999938964844,116.53231811523438,77.98584747314453
2022-11-28,15.80999755859375,27.703699111938477,73.19000244140625,112.8414306640625,75.89727020263672
2022-11-29,15.622198104858398,27.867626190185547,73.38999938964844,111.7464370727539,76.00267791748047
2022-11-30,16.909143447875977,28.995832443237305,77.62999725341797,120.16327667236328,79.49957275390625
2022-12-01,17.1209716796875,28.764406204223633,77.4800033569336,120.46728515625,79.212158203125
2022-12-02,16.8621826171875,28.35940933227539,74.9800033569336,119.37480163574219,78.08164978027344
2022-12-05,16.59640121459961,28.12798309326172,73.62000274658203,117.13284301757812,78.19660949707031
2022-12-06,15.97391128540039,27.578344345092773,70.2699966430664,113.78889465332031,76.22301483154297
2022-12-07,16.106801986694336,27.317989349365234,70.13999938964844,112.29742431640625,75.91644287109375
2022-12-08,17.154943466186523,27.42405891418457,70.47000122070312,115.66036987304688,77.4110107421875
2022-12-09,16.987079620361328,27.231203079223633,68.58999633789062,113.09540557861328,77.30564880371094
2022-12-12,17.52064323425293,27.665128707885742,70.66999816894531,115.14736938476562,77.05652618408203
2022-12-13,18.057207107543945,27.703699111938477,71.6500015258789,117.31333923339844,77.13317108154297
2022-12-14,17.659530639648438,27.250490188598633,68.93000030517578,115.62236785888672,76.6637191772461
2022-12-15,16.938119888305664,26.18014144897461,66.52999877929688,110.80596160888672,74.77626037597656
2022-12-16,16.557432174682617,25.958358764648438,65.41000366210938,108.80149841308594,73.51408386230469
2022-12-19,16.24068832397461,25.83300018310547,64.58999633789062,106.97753143310547,73.32138061523438
2022-12-20,16.071826934814453,25.49550437927246,65.05000305175781,106.4930419921875,72.85891723632812
2022-12-21,16.487485885620117,25.871572494506836,67.68000030517578,108.85848999023438,74.32340240478516
2022-12-22,15.32644271850586,25.04229164123535,63.86000061035156,105.14405822753906,72.53133392333984
2022-12-23,15.193550109863281,25.158008575439453,64.5199966430664,105.29605865478516,72.15557098388672
2022-12-27,14.109440803527832,25.01336669921875,63.27000045776367,103.9850845336914,71.60637664794922
2022-12-28,14.02450942993164,24.627653121948242,62.56999969482422,101.61963653564453,70.39237976074219
2022-12-29,14.591045379638672,25.273717880249023,64.81999969482422,104.34608459472656,73.22503662109375
2022-12-30,14.602035522460938,25.48586082458496,64.7699966430664,104.44107818603516,71.77017211914062
2023-01-03,14.303279876708984,25.775146484375,64.0199966430664,101.83810424804688,71.32696533203125
2023-01-04,14.736924171447754,26.691207885742188,64.66000366210938,105.95154571533203,73.53335571289062
2023-01-05,14.253321647644043,26.575496673583984,62.33000183105469,103.92808532714844,72.96489715576172
2023-01-06,14.846834182739258,27.703699111938477,63.959999084472656,109.57097625732422,75.21945190429688
2023-01-09,15.615203857421875,28.262981414794922,67.23999786376953,108.87748718261719,77.37765502929688
2023-01-10,15.895974159240723,28.388336181640625,68.05000305175781,111.06245422363281,78.30261993408203
2023-01-11,15.987898826599121,28.783695220947266,69.05999755859375,112.46842956542969,78.79399871826172
2023-01-12,16.497482299804688,29.207975387573242,70.80000305175781,115.50835418701172,83.82339477539062
2023-01-13,16.885160446166992,29.03440284729004,71.0,114.22589111328125,83.63069915771484
2023-01-17,17.68750762939453,28.54262351989746,71.58999633789062,114.26388549804688,85.7407455444336
2023-01-18,17.362775802612305,27.78084373474121,70.52999877929688,115.93587493896484,86.20321655273438
2023-01-19,16.75127410888672,27.40477752685547,67.70999908447266,111.69894409179688,85.17227935791016
2023-01-20,17.82439422607422,28.176197052001953,70.06999969482422,116.75286102294922,87.70625305175781
2023-01-23,19.17728614807129,29.188688278198242,76.52999877929688,124.47620391845703,92.16719818115234
2023-01-24,19.249225616455078,28.851192474365234,74.69999694824219,124.16270446777344,91.10736846923828
2023-01-25,19.307178497314453,28.639053344726562,74.91000366210938,124.60921478271484,89.0358657836914
2023-01-26,19.785785675048828,29.015117645263672,75.16000366210938,127.25967407226562,90.03788757324219
2023-01-27,20.348325729370117,27.154062271118164,75.4000015258789,126.72767639160156,89.89337158203125
2023-01-30,19.146310806274414,26.95156478881836,72.44999694824219,125.04620361328125,89.72956848144531
2023-01-31,19.521005630493164,27.250490188598633,75.1500015258789,126.54716491699219,89.34419250488281
2023-02-01,20.925853729248047,28.03155517578125,84.63999938964844,131.5345916748047,91.28079986572266
2023-02-02,21.691225051879883,29.111543655395508,88.30999755859375,129.0551300048828,93.12105560302734
2023-02-03,21.08272361755371,29.236900329589844,86.08999633789062,128.26666259765625,91.20372009277344
2023-02-06,21.071731567382812,28.002225875854492,83.68000030517578,126.28116607666016,88.47704315185547
2023-02-07,22.154848098754883,28.353593826293945,85.91000366210938,129.7960968017578,91.09772491455078
2023-02-08,22.186819076538086,27.563013076782227,84.69000244140625,125.55917358398438,90.83758544921875
2023-02-09,22.31871223449707,27.06524085998535,83.20999908447266,124.00121307373047,93.15958404541016
2023-02-10,21.247587203979492,27.133563995361328,81.4800033569336,122.53823852539062,91.88778686523438
2023-02-13,21.770160675048828,27.865583419799805,83.12999725341797,124.29570007324219,92.60078430175781
2023-02-14,22.95219612121582,27.95342254638672,85.94999694824219,125.72067260742188,94.38322448730469
2023-02-15,22.745361328125,28.158390045166016,85.18000030517578,126.4141616821289,89.37309265136719
2023-02-16,21.98398780822754,27.52397346496582,80.08000183105469,123.64971923828125,87.50392150878906
2023-02-17,21.3704891204834,26.948118209838867,78.5,121.33175659179688,86.81021881103516
2023-02-21,20.63808822631836,25.435272216796875,76.7699966430664,117.51283264160156,84.4400405883789
2023-02-22,20.737010955810547,24.859416961669922,76.61000061035156,117.75032806396484,83.65960693359375
2023-02-23,23.644624710083008,24.996061325073242,79.75,119.88778686523438,86.79095458984375
2023-02-24,23.26693344116211,24.537328720092773,78.08999633789062,118.12080383300781,84.89287567138672
2023-02-27,23.48175621032715,24.303083419799805,78.7699966430664,117.24683380126953,84.11245727539062
2023-02-28,23.196989059448242,24.332365036010742,78.58000183105469,117.35133361816406,83.8908462524414
2023-03-01,22.67941665649414,24.7227725982666,78.29000091552734,118.21154022216797,85.19154357910156
2023-03-02,23.294910430908203,25.571918487548828,80.44000244140625,118.30712890625,85.77928161621094
2023-03-03,23.870439529418945,25.767122268676758,81.5199966430664,118.13506317138672,86.51153564453125
2023-03-06,23.534719467163086,25.36695098876953,81.16000366210938,116.99769592285156,86.30919647216797
2023-03-07,23.27288246154785,24.917980194091797,82.11000061035156,113.92005920410156,85.60584259033203
2023-03-08,24.165306091308594,25.35719108581543,85.37000274658203,115.84120178222656,87.5135498046875
2023-03-09,23.42078971862793,25.80616569519043,84.02999877929688,112.03717803955078,85.63475036621094
2023-03-10,22.95009422302246,26.567466735839844,82.66999816894531,110.096923828125,84.06427001953125
2023-03-13,22.951093673706055,26.303939819335938,82.01000213623047,109.37052154541016,84.53638458251953
2023-03-14,24.047380447387695,27.33852767944336,87.44999694824219,111.39679718017578,86.02978515625
2023-03-15,24.212276458740234,27.728939056396484,89.68000030517578,110.38365936279297,83.53434753417969
2023-03-16,25.524423599243164,29.456506729125977,96.5999984741211,115.18170928955078,86.48731994628906
2023-03-17,25.708303451538086,29.095375061035156,97.83999633789062,115.39197540283203,86.6519546508789
2023-03-20,25.88319206237793,28.460960388183594,96.80999755859375,116.43378448486328,87.20401000976562
2023-03-21,26.181995391845703,27.777740478515625,95.93000030517578,118.32624816894531,89.5865249633789
2023-03-22,26.45081901550293,27.455652236938477,97.58000183105469,116.5771484375,89.70275115966797
2023-03-23,27.173351287841797,28.334077835083008,100.27999877929688,118.66075897216797,91.6106948852539
2023-03-24,26.76161766052246,28.656166076660156,97.94999694824219,119.2437973022461,89.86739349365234
2023-03-27,26.513782501220703,28.480480194091797,96.61000061035156,118.13506317138672,87.80448150634766
2023-03-28,26.392858505249023,28.58784294128418,94.55999755859375,115.9749984741211,87.94975280761719
2023-03-29,26.96648597717285,30.764385223388672,96.08999633789062,119.5591812133789,89.83834075927734
2023-03-30,27.365224838256836,31.320720672607422,97.87999725341797,121.76705169677734,89.55747985839844
2023-03-31,27.75897216796875,31.886810302734375,98.01000213623047,121.9391098022461,90.09014129638672
2023-04-03,27.946847915649414,32.10154342651367,96.55999755859375,119.22467041015625,89.91581726074219
2023-04-04,27.4351806640625,32.30650329589844,95.87000274658203,116.8925552368164,89.26692199707031
2023-04-05,26.86355209350586,32.04298400878906,92.55999755859375,117.59984588623047,87.35897064208984
2023-04-06,27.019453048706055,32.02346420288086,92.47000122070312,117.56159973144531,87.397705078125
2023-04-10,27.56110191345215,31.74041175842285,95.4800033569336,118.79457092285156,86.21614074707031
2023-04-11,27.1513671875,31.574481964111328,94.02999877929688,118.10639953613281,86.42920684814453
2023-04-12,26.477802276611328,31.252399444580078,92.33000183105469,114.95231628417969,84.13385009765625
2023-04-13,26.445825576782227,31.359760284423828,92.08999633789062,115.77427673339844,84.30818939208984
2023-04-14,26.740631103515625,31.12551498413086,91.75,114.84717559814453,84.45345306396484
2023-04-17,26.984474182128906,31.369518280029297,89.87000274658203,114.1016616821289,85.21856689453125
2023-04-18,27.649044036865234,31.066953659057617,89.77999877929688,113.12676239013672,85.36385345458984
2023-04-19,27.912872314453125,30.40325355529785,89.94000244140625,113.2988052368164,84.48251342773438
2023-04-20,27.086406707763672,30.120206832885742,90.11000061035156,113.39437866210938,86.47763061523438
2023-04-21,27.101396560668945,29.573627471923828,88.43000030517578,112.55329132080078,82.68110656738281
2023-04-24,27.024450302124023,28.948970794677734,87.56999969482422,112.16142272949219,81.97408294677734
2023-04-25,26.223970413208008,28.187671661376953,83.80000305175781,109.00732421875,79.69810485839844
2023-04-26,26.93850326538086,28.353593826293945,85.94000244140625,109.11246490478516,79.65937042236328
2023-04-27,27.208332061767578,29.14417839050293,87.44000244140625,108.8830795288086,81.0346450805664
2023-04-28,27.730989456176758,30.315412521362305,89.37000274658203,111.63573455810547,81.6447982788086
2023-05-01,28.891233444213867,29.573627471923828,89.69000244140625,110.71817779541016,81.33487701416016
2023-05-02,28.191688537597656,29.056337356567383,89.91000366210938,110.97624206542969,80.3470230102539
2023-05-03,27.783954620361328,29.915241241455078,81.62000274658203,107.84127044677734,80.0951919555664
2023-05-04,27.544109344482422,30.61595916748047,86.61000061035156,101.86760711669922,80.86031341552734
2023-05-05,28.661386489868164,30.37095069885254,89.83999633789062,103.97032928466797,82.29369354248047
2023-05-08,29.132080078125,30.15534782409668,95.04000091552734,103.5211181640625,82.84574127197266
2023-05-09,28.55245590209961,29.49873161315918,95.05999755859375,101.09342193603516,82.380859375
2023-05-10,28.866254806518555,29.371326446533203,97.0199966430664,101.75291442871094,82.22590637207031
2023-05-11,28.5594482421875,28.28350067138672,97.0999984741211,99.45901489257812,80.80220031738281
2023-05-12,28.321605682373047,28.3717041015625,95.26000213623047,99.03848266601562,80.80220031738281
2023-05-15,28.934207916259766,29.204723358154297,97.4000015258789,101.58087158203125,82.96197509765625
2023-05-16,29.19403839111328,28.636308670043945,101.4800033569336,99.20098114013672,83.17503356933594
2023-05-17,30.158414840698242,28.293302536010742,103.75,100.17585754394531,88.01754760742188
2023-05-18,31.657438278198242,29.087120056152344,107.93000030517578,102.23079681396484,89.73179626464844
2023-05-19,31.24370765686035,29.33212661743164,105.81999969482422,101.17943572998047,89.66400909423828
2023-05-22,31.1557674407959,29.675134658813477,108.0,100.62510681152344,88.83109283447266
2023-05-23,30.66808319091797,28.920515060424805,108.12000274658203,98.98113250732422,87.5914077758789
2023-05-24,30.518178939819336,28.420705795288086,108.2699966430664,98.46501159667969,87.29116821289062
2023-05-25,37.95534896850586,26.8526668548584,120.3499984741211,99.42080688476562,97.77037811279297
2023-05-26,38.92072296142578,28.420705795288086,127.02999877929688,105.47091674804688,99.95919799804688
2023-05-30,40.08496856689453,29.390926361083984,125.2699966430664,110.87110900878906,98.76795196533203
2023-05-31,37.80944061279297,30.81196403503418,118.20999908447266,109.14837646484375,95.48471069335938
2023-06-01,39.74418640136719,30.508153915405273,119.47000122070312,111.47743225097656,95.7268295288086
2023-06-02,39.30147171020508,30.684558868408203,117.86000061035156,111.27532196044922,95.82369232177734
2023-06-05,39.14558029174805,29.263525009155273,117.93000030517578,108.49393463134766,94.96171569824219
2023-06-06,38.62890625,30.341550827026367,124.2300033569336,111.9875259399414,96.67596435546875
2023-06-07,37.454551696777344,30.655160903930664,117.83000183105469,110.85186004638672,97.13117218017578
2023-06-08,38.488990783691406,31.184371948242188,121.05000305175781,111.97789764404297,96.79218292236328
2023-06-09,38.74884796142578,30.713960647583008,124.91999816894531,114.63418579101562,99.56211853027344
2023-06-12,39.460453033447266,32.409400939941406,129.19000244140625,117.55032348632812,103.68794250488281
2023-06-13,40.99961471557617,33.23262023925781,124.52999877929688,119.7542724609375,103.43611145019531
2023-06-14,42.973541259765625,34.86927032470703,127.33000183105469,118.76297760009766,104.02690124511719
2023-06-15,42.629730224609375,35.104469299316406,124.23999786376953,118.96509552001953,102.2938003540039
2023-06-16,42.668704986572266,35.64348220825195,120.08000183105469,118.07003021240234,101.70054626464844
2023-06-20,43.784095764160156,34.30084991455078,118.93000030517578,115.3175048828125,101.1267318725586
2023-06-21,43.02151107788086,32.2427978515625,112.11000061035156,111.41007232666016,98.8509521484375
2023-06-22,43.001529693603516,32.05659103393555,110.69999694824219,112.02601623535156,100.300048828125
2023-06-23,42.18597412109375,32.34080505371094,110.01000213623047,109.1676254272461,99.11354064941406
2023-06-26,40.60982894897461,32.674007415771484,107.51000213623047,112.24736785888672,97.36293029785156
2023-06-27,41.8531494140625,33.418827056884766,110.38999938964844,115.28862762451172,99.27886962890625
2023-06-28,41.094566345214844,32.8994140625,110.16999816894531,113.12318420410156,98.15069580078125
2023-06-29,40.79972457885742,32.252601623535156,111.23999786376953,113.62362670898438,97.87838745117188
2023-06-30,42.27891540527344,32.772010803222656,113.91000366210938,114.56681060791016,98.15069580078125
2023-07-03,42.38985824584961,32.94841766357422,115.81999969482422,115.57736206054688,100.31951904296875
2023-07-05,42.29391098022461,31.860586166381836,113.94999694824219,112.72857666015625,98.21878051757812
2023-07-06,42.08002853393555,31.331375122070312,113.4800033569336,110.8903579711914,96.6821517944336
2023-07-07,42.47980880737305,31.213775634765625,113.16999816894531,111.58331298828125,97.47964477539062
2023-07-10,42.156978607177734,32.08599853515625,113.58000183105469,112.71896362304688,97.03225708007812
2023-07-11,42.381858825683594,32.63480758666992,111.31999969482422,112.47835540771484,98.48138427734375
2023-07-12,43.878047943115234,33.30122756958008,114.58000183105469,114.22035217285156,101.04893493652344
2023-07-13,45.9519157409668,33.193416595458984,115.91999816894531,118.4935073852539,102.67310333251953
2023-07-14,45.444190979003906,32.4878044128418,115.94000244140625,117.95452117919922,102.25489807128906
2023-07-17,46.43564987182617,33.68342971801758,118.31999969482422,118.76297760009766,101.91450500488281
2023-07-18,47.468082427978516,33.81084060668945,117.93000030517578,118.2432632446289,100.31951904296875
2023-07-19,47.051307678222656,33.77163314819336,116.43000030517578,119.74463653564453,100.23197937011719
2023-07-20,45.49516296386719,32.70341110229492,110.25,116.18368530273438,95.17467498779297
2023-07-21,44.284820556640625,33.34042739868164,110.94999694824219,120.03337860107422,94.5813980102539
2023-07-24,44.58766555786133,32.958213806152344,110.61000061035156,119.4366683959961,95.55397033691406
2023-07-25,45.65407943725586,33.418827056884766,113.0,120.37022399902344,97.5671615600586
2023-07-26,45.42720031738281,33.673641204833984,110.08999633789062,119.35967254638672,96.6821517944336
2023-07-27,45.874961853027344,33.85983657836914,111.0999984741211,121.12091064453125,96.62378692626953
2023-07-28,46.7244873046875,36.09429168701172,112.95999908447266,124.61450958251953,98.09235382080078
2023-07-31,46.70349884033203,35.05546569824219,114.4000015258789,127.20341491699219,96.42927551269531
2023-08-01,46.481624603271484,35.084869384765625,117.5999984741211,127.11679077148438,95.6998519897461
2023-08-02,44.244850158691406,33.703033447265625,109.3499984741211,124.41239929199219,93.07392883300781
2023-08-03,44.4907112121582,34.17344665527344,113.1500015258789,114.23957824707031,92.37369537353516
2023-08-04,44.65562057495117,34.56195068359375,115.81999969482422,116.93437957763672,93.52132415771484
2023-08-07,45.39221954345703,34.65047073364258,116.80999755859375,114.85552978515625,93.70610809326172
2023-08-08,44.63963317871094,34.44392013549805,113.2300033569336,113.2386703491211,91.89714813232422
2023-08-09,42.530784606933594,33.716094970703125,110.47000122070312,112.18962860107422,91.4011459350586
2023-08-10,42.364871978759766,34.10951614379883,110.2300033569336,111.26570129394531,92.19864654541016
2023-08-11,40.832706451416016,34.316062927246094,107.56999969482422,110.30328369140625,89.46573638916016
2023-08-14,43.729122161865234,35.09306335449219,111.9800033569336,109.73544311523438,90.51610565185547
2023-08-15,43.9160270690918,34.19803237915039,111.3499984741211,107.4833755493164,89.16424560546875
2023-08-16,43.46227264404297,32.978431701660156,107.19000244140625,106.01087188720703,89.26151275634766
2023-08-17,43.32034683227539,32.044063568115234,104.44000244140625,105.9435043334961,89.1253433227539
2023-08-18,43.27537155151367,32.211265563964844,105.44999694824219,105.96275329589844,88.60017395019531
2023-08-21,46.941375732421875,32.5948486328125,108.22000122070312,106.52095794677734,90.02009582519531
2023-08-22,45.64308547973633,32.348960876464844,105.66000366210938,105.35643005371094,89.70889282226562
2023-08-23,47.09029769897461,33.4210319519043,109.43000030517578,106.99254608154297,91.63455200195312
2023-08-24,47.13726806640625,32.053897857666016,101.80000305175781,104.43250274658203,89.99093627929688
2023-08-25,45.992889404296875,32.70303726196289,102.25,106.17448425292969,90.5452880859375
2023-08-28,46.809444427490234,33.06695556640625,102.61000061035156,107.4833755493164,91.42059326171875
2023-08-29,48.757381439208984,33.745601654052734,105.91999816894531,109.50446319580078,92.47096252441406
2023-08-30,49.23712158203125,33.96198272705078,106.58999633789062,109.78553009033203,92.17919158935547
2023-08-31,49.328067779541016,34.56195068359375,105.72000122070312,111.00678253173828,91.00239562988281
2023-09-01,48.48253631591797,36.00777053833008,109.44999694824219,111.84033203125,90.63282012939453
2023-09-05,48.52151870727539,36.10612106323242,110.77999877929688,112.96464538574219,92.0041275024414
2023-09-06,47.03919982910156,36.371681213378906,109.27999877929688,111.15216827392578,89.72834014892578
2023-09-07,46.219573974609375,37.551937103271484,106.58999633789062,103.12688446044922,87.57897186279297
2023-09-08,45.55088806152344,37.38473129272461,106.08999633789062,102.87487030029297,87.18023681640625
2023-09-11,45.157066345214844,37.955196380615234,105.31999969482422,106.88753509521484,87.14134216308594
2023-09-12,44.84920883178711,38.22075653076172,105.30999755859375,107.80830383300781,87.99717712402344
2023-09-13,45.463932037353516,38.07322311401367,107.70999908447266,109.17491912841797,88.71687316894531
2023-09-14,45.55988693237305,38.03388214111328,106.62999725341797,110.5318603515625,89.42173767089844
2023-09-15,43.87966537475586,37.256874084472656,101.48999786376953,109.65953826904297,87.2514419555664
2023-09-18,43.94562530517578,37.36506652832031,102.37000274658203,109.28154754638672,86.84085083007812
2023-09-19,43.49983596801758,35.742210388183594,101.61000061035156,107.3139877319336,86.19562530517578
2023-09-20,42.21943283081055,34.11935043334961,100.33999633789062,105.8601303100586,85.3353271484375
2023-09-21,40.99799346923828,34.08000946044922,96.11000061035156,104.6388931274414,83.44854736328125
2023-09-22,41.590721130371094,33.617740631103516,96.19999694824219,104.36751556396484,83.72228240966797
2023-09-25,42.20243835449219,33.725929260253906,97.37999725341797,107.03291320800781,84.30884552001953
2023-09-26,41.89158248901367,33.273502349853516,95.95999908447266,106.34475708007812,82.40249633789062
2023-09-27,42.448326110839844,34.04066848754883,98.06999969482422,105.8310546875,83.5267562866211
2023-09-28,43.069034576416016,34.60129165649414,102.76000213623047,107.68230438232422,84.47504425048828
2023-09-29,43.47884750366211,34.96520233154297,102.81999969482422,107.64352416992188,84.95407104492188
2023-10-02,44.761253356933594,34.87668228149414,103.2699966430664,107.68230438232422,85.68727111816406
2023-10-03,43.49683380126953,35.102901458740234,100.08000183105469,106.80030059814453,83.49742889404297
2023-10-04,44.02059555053711,35.338951110839844,104.06999969482422,106.47075653076172,84.72920989990234
2023-10-05,44.66729736328125,35.29960632324219,102.91000366210938,106.42228698730469,85.08114624023438
2023-10-06,45.74080276489258,35.59467315673828,107.23999786376953,107.46906280517578,87.2905502319336
2023-10-09,45.25202560424805,35.46681594848633,106.97000122070312,108.36077880859375,86.99726104736328
2023-10-10,45.77678298950195,35.830726623535156,109.01000213623047,108.85507202148438,88.58098602294922
2023-10-11,46.78431701660156,36.27333068847656,108.30999755859375,107.7016830444336,89.93985748291016
2023-10-12,46.923248291015625,36.23398208618164,108.79000091552734,108.03121948242188,90.35045623779297
2023-10-13,45.439937591552734,35.3782958984375,105.08999633789062,105.31736755371094,88.43434143066406
2023-10-16,46.07365036010742,35.95859146118164,106.45999908447266,107.11044311523438,89.17733001708984
2023-10-17,43.91764831542969,35.46681594848633,105.13999938964844,108.74845123291016,88.9622573852539
2023-10-18,42.176448822021484,35.05372619628906,102.16999816894531,107.56600189208984,87.59359741210938
2023-10-19,42.08149719238281,35.083229064941406,102.4000015258789,107.85675048828125,90.82948303222656
2023-10-20,41.36782455444336,34.34556198120117,101.80999755859375,105.28828430175781,89.26531219482422
2023-10-23,42.95509338378906,33.29316711425781,100.01000213623047,105.31736755371094,89.06978607177734
2023-10-24,43.64277267456055,34.020999908447266,101.66999816894531,106.02490234375,89.58792114257812
2023-10-25,41.759639739990234,32.28995132446289,96.05999755859375,101.55670928955078,85.677490234375
2023-10-26,40.30731964111328,31.985044479370117,93.66999816894531,102.37088012695312,85.49174499511719
2023-10-27,40.481239318847656,34.95537185668945,96.43000030517578,103.18504333496094,84.06443786621094
2023-10-30,41.14193344116211,35.102901458740234,96.18000030517578,104.51290130615234,84.13288116455078
2023-10-31,40.7611083984375,35.899574279785156,98.5,105.63720703125,84.37726593017578
2023-11-01,42.305397033691406,36.67658233642578,108.04000091552734,107.47876739501953,85.83391571044922
2023-11-02,43.485843658447266,37.07984161376953,107.83000183105469,113.74972534179688,88.45389556884766
2023-11-03,44.98414993286133,37.512596130371094,112.25,115.84326934814453,89.73456573486328
2023-11-06,45.729801177978516,37.448455810546875,111.75,116.24066925048828,90.52642059326172
2023-11-07,45.933712005615234,38.25762176513672,113.44999694824219,117.00636291503906,90.34068298339844
2023-11-08,46.55242156982422,37.418853759765625,113.58999633789062,116.36666107177734,89.93985748291016
2023-11-09,46.928245544433594,37.300437927246094,113.48999786376953,116.40543365478516,89.56837463378906
2023-11-10,48.31260299682617,38.346431732177734,118.58999633789062,120.38899993896484,95.25804138183594
2023-11-13,48.59747314453125,37.72475814819336,116.79000091552734,120.04007720947266,94.26087188720703
2023-11-14,49.632991790771484,38.889163970947266,119.87999725341797,123.44210815429688,96.69512939453125
2023-11-15,48.865352630615234,40.073307037353516,118.0,124.95411682128906,96.58759307861328
2023-11-16,49.45708084106445,42.77709197998047,119.83000183105469,124.74088287353516,96.33341979980469
2023-11-17,49.27516555786133,43.231014251708984,120.62000274658203,125.48719787597656,97.35013580322266
2023-11-20,50.385650634765625,44.14872360229492,121.52999877929688,125.52595520019531,97.72161102294922
2023-11-21,49.920860290527344,43.06325912475586,119.16000366210938,123.11255645751953,96.20632934570312
2023-11-22,48.69343185424805,43.09286117553711,122.51000213623047,123.57779693603516,96.4409408569336
2023-11-24,47.75386428833008,43.379032135009766,122.30999755859375,123.82011413574219,95.63931274414062
2023-11-27,48.21965026855469,43.4974479675293,122.6500015258789,124.25626373291016,95.03319549560547
2023-11-28,47.79884338378906,43.64546203613281,122.01000213623047,122.69578552246094,95.78595733642578
2023-11-29,48.117698669433594,44.3460807800293,123.8499984741211,124.76365661621094,96.6657943725586
2023-11-30,46.74833297729492,44.109249114990234,121.16000366210938,125.8756103515625,95.1309585571289
2023-12-01,46.74333953857422,43.16194152832031,121.38999938964844,126.4803466796875,96.34319305419922
2023-12-04,45.48891067504883,41.790306091308594,118.56999969482422,126.75346374511719,94.83767700195312
2023-12-05,46.548519134521484,41.365989685058594,118.37999725341797,127.5337905883789,94.52483367919922
2023-12-06,45.48591613769531,40.72458267211914,116.81999969482422,126.76322174072266,95.65887451171875
2023-12-07,46.57851028442383,41.592952728271484,128.3699951171875,129.669921875,97.06661987304688
2023-12-08,47.48816680908203,42.135684967041016,128.9199981689453,129.6991729736328,98.10287475585938
2023-12-11,46.6094970703125,43.95136642456055,134.41000366210938,132.752197265625,98.68944549560547
2023-12-12,47.63911056518555,43.457977294921875,137.61000061035156,133.3179168701172,99.32489013671875
2023-12-13,48.06995391845703,43.9809684753418,138.19000244140625,135.38577270507812,99.833251953125
2023-12-14,48.33184814453125,44.582908630371094,138.0,138.01934814453125,101.61006927490234
2023-12-15,48.871646881103516,45.549957275390625,139.14999389648438,139.60926818847656,100.71626281738281
2023-12-18,50.05820083618164,45.08616638183594,138.89999389648438,138.16567993164062,101.09932708740234
2023-12-19,49.58537673950195,46.04335021972656,140.14999389648438,139.706787109375,102.0226058959961
2023-12-20,48.092933654785156,45.15523910522461,135.47000122070312,136.98544311523438,98.26072692871094
2023-12-21,48.97161102294922,46.457801818847656,139.91000366210938,138.9362335205078,100.72608947753906
2023-12-22,48.81167221069336,47.365638732910156,139.60000610351562,139.9604034423828,101.3154067993164
2023-12-26,49.260498046875,49.83259963989258,143.41000366210938,141.8819580078125,102.59227752685547
2023-12-27,49.3984489440918,50.08916091918945,146.07000732421875,142.1355743408203,102.78873443603516
2023-12-28,49.50341033935547,49.724056243896484,148.75999450683594,142.27210998535156,102.83782958984375
2023-12-29,49.50341033935547,49.58590316772461,147.41000366210938,141.07237243652344,102.1502914428711
